"word","freq"
"police",1053
"shot",738
"officers",693
"killed",589
"man",423
"said",383
"officer",334
"gun",234
"allegedly",221
"vehicle",217
"car",174
"home",168
"knife",166
"deputies",161
"responded",156
"fired",133
"two",132
"arrived",127
"armed",124
"deputy",120
"found",118
"reportedly",118
"one",114
"suspect",111
"call",110
"around",100
"called",95
"tried",94
"stop",93
"killing",90
"woman",85
"according",82
"attempted",80
"shooting",79
"fire",77
"inside",75
"pointed",72
"got",71
"domestic",70
"weapon",70
"chase",68
"began",66
"ran",64
"report",64
"handgun",60
"driver",59
"fled",59
"pulled",59
"authorities",58
"fatally",57
"toward",55
"details",54
"disturbance",54
"yearold",53
"person",52
"responding",52
"house",51
"shots",51
"traffic",51
"apartment",50
"reports",50
"approached",48
"several",48
"holding",47
"reported",47
"another",46
"drop",46
"opened",46
"people",46
"three",46
"refused",45
"came",44
"later",44
"outside",43
"confronted",42
"county",42
"driving",42
"pursuit",42
"saw",42
"family",41
"stolen",41
"withheld",41
"say",40
"threatened",40
"foot",39
"stopped",39
"precipitated",38
"arrest",37
"away",36
"back",36
"received",35
"gunfire",34
"led",34
"scene",34
"went",33
"area",32
"near",32
"violence",32
"warrant",32
"threatening",31
"department",30
"made",30
"robbery",30
"sheriffs",30
"told",30
"crashed",29
"door",29
"involved",29
"parking",29
"station",29
"trying",29
"contact",28
"front",28
"lot",28
"multiple",28
"wanted",28
"fight",27
"gonzalez",27
"investigating",27
"spotted",27
"standoff",27
"street",27
"encountered",26
"just",26
"firing",25
"gas",25
"jose",25
"pursued",25
"rodriguez",25
"suspects",25
"taser",25
"commands",24
"nearby",24
"ordered",24
"passenger",24
"struck",24
"get",23
"hernandez",23
"hit",23
"patrol",23
"subject",23
"suspected",23
"truck",23
"attempting",22
"burglary",22
"complex",22
"continued",22
"men",22
"pull",22
"put",22
"residence",22
"also",21
"attacked",21
"died",21
"ended",21
"incident",21
"juan",21
"second",21
"used",21
"vehicles",21
"firearm",20
"orders",20
"returned",20
"short",20
"someone",20
"state",20
"store",20
"suicidal",20
"assault",19
"cars",19
"charged",19
"confrontation",19
"exchange",19
"following",19
"least",19
"park",19
"point",19
"possibly",19
"ramirez",19
"regarding",19
"started",19
"took",19
"walking",19
"acting",18
"chased",18
"death",18
"drive",18
"drove",18
"lopez",18
"rifle",18
"road",18
"stabbed",18
"suspicious",18
"apparently",17
"dispute",17
"entered",17
"eventually",17
"first",17
"girlfriend",17
"released",17
"weapons",17
"wounded",17
"barricaded",16
"caught",16
"child",16
"comply",16
"dead",16
"gunshot",16
"hand",16
"involving",16
"mother",16
"office",16
"sanchez",16
"shortly",16
"times",16
"believed",15
"exchanged",15
"immediately",15
"possible",15
"running",15
"time",15
"trooper",15
"turned",15
"walked",15
"wife",15
"anthony",14
"dispatched",14
"highway",14
"hospital",14
"kill",14
"machete",14
"make",14
"murder",14
"rounds",14
"search",14
"shoot",14
"son",14
"stabbing",14
"subdue",14
"custody",13
"description",13
"detectives",13
"didnt",13
"dog",13
"erratically",13
"felony",13
"fighting",13
"followed",13
"garcia",13
"investigation",13
"left",13
"martinez",13
"minutes",13
"officials",13
"pointing",13
"shotgun",13
"upon",13
"alleged",12
"arrested",12
"avenue",12
"boy",12
"carjacking",12
"chavez",12
"city",12
"crash",12
"david",12
"east",12
"flores",12
"four",12
"ground",12
"hands",12
"help",12
"hitting",12
"investigate",12
"knives",12
"los",12
"lunged",12
"pickup",12
"rammed",12
"reached",12
"torres",12
"wielding",12
"although",11
"alvarez",11
"angeles",11
"appeared",11
"assaulted",11
"block",11
"building",11
"caller",11
"calls",11
"center",11
"drug",11
"force",11
"grabbed",11
"head",11
"herrera",11
"injured",11
"member",11
"raised",11
"restaurant",11
"rivera",11
"run",11
"struggle",11
"suv",11
"violent",11
"witnesses",11
"arrival",10
"behind",10
"boyfriend",10
"break",10
"carrying",10
"cruz",10
"diaz",10
"earlier",10
"failed",10
"fugitive",10
"heard",10
"hostage",10
"including",10
"leading",10
"members",10
"ramos",10
"searching",10
"still",10
"striking",10
"theft",10
"troopers",10
"window",10
"womans",10
"wounds",10
"advanced",9
"antonio",9
"attempt",9
"backyard",9
"brandished",9
"conducting",9
"contacted",9
"driven",9
"father",9
"flee",9
"fought",9
"husband",9
"instead",9
"learned",9
"luis",9
"neighbors",9
"noticed",9
"occupants",9
"open",9
"parked",9
"room",9
"round",9
"situation",9
"task",9
"victim",9
"aggravated",8
"alley",8
"along",8
"alvarado",8
"approximately",8
"bedroom",8
"body",8
"brief",8
"callejas",8
"carlos",8
"charges",8
"check",8
"children",8
"connection",8
"day",8
"deadly",8
"deputys",8
"ensued",8
"escape",8
"exited",8
"follow",8
"gang",8
"gunshots",8
"highspeed",8
"homicide",8
"injuries",8
"intersection",8
"light",8
"looking",8
"mans",8
"mental",8
"michael",8
"moving",8
"new",8
"north",8
"order",8
"pipe",8
"probation",8
"produced",8
"reyes",8
"showed",8
"side",8
"spray",8
"stun",8
"suicide",8
"taken",8
"threats",8
"towards",8
"unidentified",8
"violation",8
"waistband",8
"warrants",8
"women",8
"air",7
"altercation",7
"asked",7
"blocks",7
"boulevard",7
"broken",7
"casillas",7
"causing",7
"chasing",7
"complaint",7
"convenience",7
"cruiser",7
"daniel",7
"disarm",7
"drew",7
"duran",7
"emerged",7
"enforcement",7
"find",7
"fleeing",7
"floor",7
"forced",7
"guns",7
"hiding",7
"homeless",7
"hotel",7
"hours",7
"identified",7
"ignored",7
"jesus",7
"jumped",7
"lesslethal",7
"lucero",7
"male",7
"matched",7
"may",7
"metal",7
"motel",7
"moved",7
"neighborhood",7
"object",7
"occurred",7
"perez",7
"phoenix",7
"pistol",7
"progress",7
"prompting",7
"roof",7
"sandoval",7
"santa",7
"saying",7
"seen",7
"separate",7
"sought",7
"south",7
"sped",7
"stole",7
"suffered",7
"sword",7
"tracked",7
"unclear",7
"undercover",7
"use",7
"way",7
"west",7
"wound",7
"able",6
"across",6
"agencies",6
"agent",6
"apartments",6
"backup",6
"beanbag",6
"became",6
"black",6
"border",6
"breaking",6
"broke",6
"brother",6
"cano",6
"carjack",6
"carjacked",6
"castro",6
"chp",6
"cisneros",6
"deployed",6
"detective",6
"different",6
"dps",6
"drugs",6
"end",6
"escaped",6
"federal",6
"female",6
"fence",6
"five",6
"garza",6
"gunpoint",6
"joshua",6
"knocked",6
"large",6
"law",6
"leaving",6
"making",6
"manuel",6
"mendoza",6
"mesa",6
"mexico",6
"miguel",6
"molina",6
"obey",6
"onto",6
"pellet",6
"pepper",6
"property",6
"pulling",6
"radio",6
"refusing",6
"repeatedly",6
"robbed",6
"san",6
"serve",6
"sgt",6
"sitting",6
"six",6
"stab",6
"suffering",6
"swat",6
"talk",6
"team",6
"third",6
"trespassing",6
"unit",6
"using",6
"valley",6
"ventura",6
"whether",6
"will",6
"windows",6
"witness",6
"agents",5
"aggressive",5
"alejandro",5
"aliva",5
"angel",5
"argument",5
"arm",5
"baseball",5
"bathroom",5
"brandishing",5
"bus",5
"business",5
"calderon",5
"california",5
"calm",5
"chandler",5
"claimed",5
"closed",5
"colon",5
"corner",5
"crashing",5
"crime",5
"displayed",5
"distance",5
"dropped",5
"encounter",5
"fatal",5
"flagged",5
"freeway",5
"going",5
"gunman",5
"headed",5
"held",5
"high",5
"homes",5
"ignoring",5
"information",5
"initially",5
"jumping",5
"kidnapping",5
"kitchen",5
"known",5
"las",5
"leave",5
"leg",5
"license",5
"location",5
"lujan",5
"marshals",5
"matching",5
"mendez",5
"middle",5
"midnight",5
"miles",5
"mobile",5
"moments",5
"montoya",5
"moreno",5
"narcotics",5
"paul",5
"perimeter",5
"petrovich",5
"picked",5
"plate",5
"public",5
"pursuing",5
"rear",5
"receiving",5
"replica",5
"reporting",5
"response",5
"richard",5
"robert",5
"rovie",5
"ruiz",5
"safety",5
"school",5
"sergio",5
"serving",5
"set",5
"soon",5
"struggled",5
"surrender",5
"take",5
"tasers",5
"thought",5
"treated",5
"unsuccessful",5
"valdez",5
"valladares",5
"waving",5
"wouldnt",5
"wounding",5
"aaron",4
"accident",4
"activity",4
"aggressively",4
"aguilar",4
"alone",4
"andres",4
"answered",4
"apprehend",4
"approach",4
"approaching",4
"arellano",4
"assist",4
"attack",4
"attacking",4
"backpack",4
"ballardo",4
"bat",4
"bean",4
"bicycle",4
"big",4
"bike",4
"butcher",4
"camacho",4
"case",4
"caused",4
"cellphone",4
"chapa",4
"christopher",4
"clerk",4
"closet",4
"combative",4
"come",4
"coming",4
"control",4
"correa",4
"couple",4
"crimes",4
"del",4
"departments",4
"discovered",4
"eastbound",4
"exgirlfriend",4
"fbi",4
"field",4
"friend",4
"fuentes",4
"galindo",4
"galvan",4
"garden",4
"gave",4
"getting",4
"gonzales",4
"gray",4
"grimm",4
"guzman",4
"hallway",4
"handguns",4
"heights",4
"hispanic",4
"hour",4
"however",4
"human",4
"hurt",4
"illness",4
"ineffective",4
"influence",4
"initial",4
"interstate",4
"invasion",4
"james",4
"javier",4
"john",4
"kidnapped",4
"knodle",4
"know",4
"lane",4
"lapd",4
"leon",4
"lights",4
"lived",4
"local",4
"locked",4
"long",4
"maldonado",4
"manner",4
"martin",4
"meza",4
"minute",4
"mothers",4
"neck",4
"news",4
"ortiz",4
"past",4
"place",4
"pole",4
"prompted",4
"pronounced",4
"ramming",4
"reaching",4
"reasons",4
"recent",4
"reference",4
"reno",4
"resident",4
"resisted",4
"riding",4
"robbing",4
"salazar",4
"santos",4
"saturday",4
"security",4
"shotsfired",4
"speak",4
"speaking",4
"standing",4
"statement",4
"steal",4
"stopping",4
"strangely",4
"stubbs",4
"taking",4
"threat",4
"threw",4
"throat",4
"trailer",4
"tree",4
"tuesday",4
"twice",4
"unarmed",4
"unknown",4
"unspecified",4
"vallejo",4
"van",4
"vargas",4
"velasco",4
"victims",4
"video",4
"view",4
"villarreal",4
"white",4
"wilkins",4
"without",4
"work",4
"yelling",4
"accelerated",3
"acevedo",3
"agitated",3
"albuquerque",3
"alcohol",3
"already",3
"amber",3
"andrew",3
"appear",3
"arizona",3
"armando",3
"arteaga",3
"assisted",3
"backseat",3
"baker",3
"bank",3
"bar",3
"bell",3
"benjamin",3
"brothers",3
"brought",3
"bryan",3
"buck",3
"campos",3
"campus",3
"cantu",3
"caraveo",3
"cardona",3
"carjackings",3
"carrillo",3
"casino",3
"ceniceros",3
"central",3
"chair",3
"chamale",3
"chest",3
"chicago",3
"chief",3
"childress",3
"chowchilla",3
"christian",3
"circle",3
"circumstances",3
"clear",3
"climbed",3
"community",3
"concerned",3
"conduct",3
"confronting",3
"contreras",3
"cop",3
"cops",3
"corcino",3
"cruces",3
"cut",3
"deceased",3
"decedent",3
"demands",3
"detain",3
"determined",3
"directed",3
"disable",3
"dogs",3
"dominguez",3
"doors",3
"downtown",3
"drinking",3
"driveby",3
"drivers",3
"driveway",3
"drunk",3
"dui",3
"eduardo",3
"either",3
"elderly",3
"employee",3
"ending",3
"engaged",3
"enter",3
"ernesto",3
"espericueta",3
"exactly",3
"exgirlfriends",3
"face",3
"felt",3
"fernandez",3
"figueroa",3
"ford",3
"fort",3
"francisco",3
"fremont",3
"fuller",3
"garage",3
"gastelum",3
"getaway",3
"girl",3
"gleason",3
"glendale",3
"gomez",3
"gomezguerrero",3
"grand",3
"guardiola",3
"gunfight",3
"hammer",3
"happened",3
"harm",3
"health",3
"hearing",3
"hector",3
"hollywood",3
"honda",3
"hose",3
"houses",3
"houston",3
"indicated",3
"individual",3
"investigators",3
"issue",3
"issues",3
"jacob",3
"jaramillo",3
"jonathan",3
"jorge",3
"joseph",3
"kept",3
"killings",3
"knew",3
"lago",3
"landeros",3
"lead",3
"leizado",3
"lete",3
"lethal",3
"listen",3
"little",3
"lomante",3
"lopezrobledo",3
"lost",3
"lozanomurillo",3
"luna",3
"macias",3
"marco",3
"maricopa",3
"mario",3
"marquez",3
"mcdonalds",3
"medical",3
"medina",3
"met",3
"might",3
"missed",3
"mission",3
"montalvo",3
"morejon",3
"munoz",3
"nava",3
"nearly",3
"negotiations",3
"night",3
"nmsp",3
"nonlethal",3
"notified",3
"number",3
"ochoa",3
"offduty",3
"pair",3
"parents",3
"parkway",3
"parole",3
"partner",3
"paso",3
"patrolling",3
"pecos",3
"peraltalantigua",3
"pickax",3
"pinedo",3
"pinned",3
"protection",3
"questioning",3
"quiroz",3
"railroad",3
"raising",3
"ram",3
"rangers",3
"raul",3
"recovered",3
"release",3
"residential",3
"restraining",3
"resulting",3
"retreated",3
"revolver",3
"reyna",3
"rig",3
"roadway",3
"rob",3
"robberies",3
"rocks",3
"romero",3
"rosa",3
"salas",3
"scissors",3
"screaming",3
"screwdriver",3
"searched",3
"seat",3
"sedan",3
"sedillo",3
"see",3
"seeing",3
"sent",3
"served",3
"sexual",3
"sheriff",3
"shooter",3
"shopping",3
"shouting",3
"showing",3
"shows",3
"silver",3
"sort",3
"spikes",3
"step",3
"stepfather",3
"string",3
"surrounded",3
"swinging",3
"talked",3
"tasered",3
"tasering",3
"thief",3
"thomas",3
"thompson",3
"though",3
"throwing",3
"tracks",3
"trejedacampos",3
"trujillo",3
"twohour",3
"uniformed",3
"unmarked",3
"unrelated",3
"valenzuela",3
"vega",3
"veteran",3
"villalpando",3
"vista",3
"walmart",3
"weick",3
"well",3
"werent",3
"william",3
"wilson",3
"witnessed",3
"yero",3
"yet",3
"accused",2
"actions",2
"actually",2
"adame",2
"adkins",2
"adult",2
"advancing",2
"agency",2
"aid",2
"aiming",2
"alarcon",2
"albarran",2
"alcaraz",2
"alert",2
"alerted",2
"allowed",2
"alquisiras",2
"ana",2
"andrade",2
"ann",2
"announced",2
"apprehended",2
"argued",2
"arresting",2
"arrive",2
"arriving",2
"arthur",2
"assaulting",2
"assistance",2
"austin",2
"auto",2
"avendano",2
"baby",2
"backed",2
"backing",2
"bag",2
"bags",2
"balladares",2
"banging",2
"barricade",2
"bats",2
"battering",2
"battery",2
"beaten",2
"become",2
"behavior",2
"bellaire",2
"belt",2
"berrios",2
"bicyclist",2
"bloody",2
"blow",2
"bluestone",2
"bmw",2
"boise",2
"bomb",2
"bottle",2
"bottles",2
"box",2
"brick",2
"briefly",2
"brito",2
"brotherinlaw",2
"brownell",2
"brumley",2
"bullet",2
"bullets",2
"burglarize",2
"busy",2
"calata",2
"caldwell",2
"callers",2
"calling",2
"camachoalvarado",2
"can",2
"candanoza",2
"canyon",2
"caraballo",2
"carillo",2
"carport",2
"carreno",2
"carreon",2
"carreto",2
"carry",2
"carter",2
"catholic",2
"celio",2
"cesar",2
"chaidez",2
"charge",2
"chevy",2
"church",2
"clark",2
"claudia",2
"climbing",2
"collided",2
"colorado",2
"commanded",2
"committed",2
"committing",2
"complied",2
"connected",2
"construction",2
"convince",2
"cooperative",2
"coronadomartinez",2
"corporal",2
"corrections",2
"cossyleon",2
"couldnt",2
"course",2
"courtney",2
"cover",2
"covered",2
"creek",2
"criminal",2
"cruisers",2
"cuellar",2
"culdesac",2
"customers",2
"cvs",2
"damiani",2
"dangerous",2
"dankert",2
"dark",2
"deborah",2
"delfino",2
"desert",2
"detained",2
"device",2
"die",2
"direction",2
"directions",2
"discharged",2
"division",2
"dragging",2
"drawn",2
"durango",2
"early",2
"eddie",2
"edgar",2
"effect",2
"elevator",2
"elizabeth",2
"emergency",2
"emmanuel",2
"employees",2
"entering",2
"entry",2
"erick",2
"estrada",2
"estranged",2
"even",2
"evening",2
"everyone",2
"exit",2
"faced",2
"fast",2
"feared",2
"felix",2
"fell",2
"fields",2
"fifth",2
"finally",2
"firearms",2
"florida",2
"food",2
"forcing",2
"forest",2
"former",2
"forward",2
"franklin",2
"freed",2
"gardea",2
"gate",2
"george",2
"gishal",2
"give",2
"glass",2
"greeley",2
"grill",2
"group",2
"guadalupe",2
"guard",2
"gutierrez",2
"hair",2
"half",2
"hallucinating",2
"hapke",2
"hardeeville",2
"harmed",2
"harris",2
"heading",2
"hemet",2
"henry",2
"heraldes",2
"hid",2
"hill",2
"hitandrun",2
"hold",2
"homeowner",2
"hostages",2
"hpd",2
"hunting",2
"ide",2
"identity",2
"ill",2
"incapacitate",2
"indication",2
"individuals",2
"initiate",2
"initiated",2
"inn",2
"intention",2
"intentionally",2
"interviewing",2
"intoxicated",2
"irving",2
"item",2
"jaime",2
"jal",2
"jason",2
"jasper",2
"jerry",2
"joel",2
"johnson",2
"juarez",2
"june",2
"justin",2
"keifline",2
"keith",2
"knifepoint",2
"knocking",2
"knox",2
"laboy",2
"lake",2
"lanes",2
"lararodriguez",2
"lasting",2
"lemus",2
"leonardo",2
"lerma",2
"less",2
"lewis",2
"lexus",2
"like",2
"linares",2
"located",2
"locating",2
"longoria",2
"looked",2
"lopes",2
"lopezs",2
"louis",2
"lovato",2
"luceros",2
"mall",2
"maneuver",2
"marcos",2
"marijuana",2
"mark",2
"marrero",2
"mauro",2
"medellin",2
"medication",2
"meeting",2
"melendez",2
"mentally",2
"mercadobedolla",2
"merino",2
"methamphetamine",2
"miami",2
"mids",2
"minivan",2
"minor",2
"miranda",2
"mirandas",2
"mojica",2
"money",2
"montano",2
"montebello",2
"montelongo",2
"morning",2
"motorcycle",2
"muna",2
"named",2
"neared",2
"neighbor",2
"next",2
"nicholas",2
"nichols",2
"northbound",2
"northeast",2
"oak",2
"occupied",2
"oklahoma",2
"oliver",2
"oneill",2
"ornelas",2
"ortega",2
"oscar",2
"osorio",2
"others",2
"outstanding",2
"owner",2
"pacheco",2
"padron",2
"palacio",2
"palm",2
"paredes",2
"parolee",2
"pedestrian",2
"pedro",2
"pefa",2
"perform",2
"personnel",2
"pete",2
"pharmacy",2
"pineda",2
"pit",2
"plainclothes",2
"plaza",2
"pocket",2
"ponce",2
"porn",2
"positioned",2
"possession",2
"presented",2
"preston",2
"prior",2
"provided",2
"pueblo",2
"queen",2
"quickly",2
"raid",2
"ramon",2
"rancho",2
"ray",2
"recklessly",2
"recognized",2
"related",2
"relative",2
"removed",2
"rene",2
"repeated",2
"rescue",2
"resisting",2
"resulted",2
"reynaldo",2
"rialstorres",2
"rico",2
"right",2
"river",2
"riverside",2
"roberto",2
"rode",2
"roman",2
"romrell",2
"rosario",2
"roughly",2
"routine",2
"ruben",2
"ruizzazueta",2
"ryan",2
"saavedra",2
"safely",2
"safeway",2
"salinas",2
"santiago",2
"santoro",2
"sarabia",2
"schizophrenic",2
"segura",2
"semiautomatic",2
"series",2
"service",2
"seton",2
"seven",2
"shirtless",2
"shocked",2
"shootout",2
"shovel",2
"sidewalk",2
"sign",2
"sillas",2
"silva",2
"since",2
"site",2
"sky",2
"slashing",2
"slightly",2
"slowly",2
"small",2
"smith",2
"sometime",2
"soria",2
"soto",2
"southwest",2
"sparks",2
"specific",2
"speeding",2
"spent",2
"spike",2
"spokesman",2
"springs",2
"stairs",2
"start",2
"stay",2
"stealing",2
"stepped",2
"stick",2
"stood",2
"strands",2
"streets",2
"strips",2
"stuck",2
"suarezruiz",2
"suazo",2
"suites",2
"sumner",2
"suspicion",2
"suspiciously",2
"swung",2
"taco",2
"tapia",2
"target",2
"teen",2
"teenager",2
"tempe",2
"terminated",2
"texas",2
"thats",2
"things",2
"threadgill",2
"throughout",2
"thursday",2
"tire",2
"tires",2
"top",2
"torso",2
"tracking",2
"trafficking",2
"transaction",2
"traveling",2
"trouble",2
"trucks",2
"try",2
"ulloa",2
"unable",2
"uncertain",2
"undisclosed",2
"unharmed",2
"union",2
"unsuccessfully",2
"uolla",2
"vacant",2
"vale",2
"vandalism",2
"vartanian",2
"vasquez",2
"verbal",2
"verbally",2
"version",2
"via",2
"victor",2
"villagomez",2
"villanueva",2
"violated",2
"waiting",2
"wallaceflores",2
"wasnt",2
"waved",2
"wayne",2
"weeks",2
"welfare",2
"whod",2
"whose",2
"wichita",2
"wilhelm",2
"windshield",2
"wooded",2
"working",2
"wrapped",2
"wrong",2
"xavier",2
"yard",2
"yucca",2
"zaporta",2
"abducted",1
"abe",1
"abel",1
"abiel",1
"abreu",1
"abrupt",1
"abuse",1
"accord",1
"account",1
"acosta",1
"acquisto",1
"acres",1
"act",1
"actual",1
"adalberto",1
"adam",1
"adams",1
"address",1
"adjacent",1
"administration",1
"admit",1
"admitted",1
"adrian",1
"adultsu",1
"advance",1
"affected",1
"afternoon",1
"age",1
"ages",1
"aguero",1
"aimed",1
"airline",1
"airport",1
"airsoft",1
"ajar",1
"alamodome",1
"alan",1
"alarm",1
"albert",1
"alberto",1
"alegre",1
"alek",1
"alex",1
"alexander",1
"alhambra",1
"alires",1
"alive",1
"allegations",1
"allege",1
"alleging",1
"allen",1
"allgedly",1
"almarez",1
"alphonso",1
"alta",1
"alvaradomorales",1
"alvaro",1
"alyssa",1
"amanda",1
"amarillo",1
"america",1
"amiliano",1
"anaya",1
"ancira",1
"andahalfyearold",1
"andy",1
"angry",1
"antigang",1
"anything",1
"apd",1
"apex",1
"apodaca",1
"apparent",1
"appearing",1
"april",1
"aquino",1
"arce",1
"areanda",1
"arebalo",1
"argue",1
"argueta",1
"argumentative",1
"ariz",1
"armor",1
"armpit",1
"arms",1
"army",1
"arnaldo",1
"arrests",1
"arroliga",1
"arson",1
"arstyle",1
"art",1
"artesia",1
"arturo",1
"arvizu",1
"asleep",1
"assaultlike",1
"assaults",1
"assigned",1
"assisting",1
"associated",1
"astate",1
"asuncion",1
"atencio",1
"atkins",1
"attempts",1
"attended",1
"attention",1
"attic",1
"auagun",1
"auataser",1
"auburn",1
"audrey",1
"augustine",1
"authoritiesrrn",1
"autozone",1
"available",1
"ave",1
"avenia",1
"avenues",1
"averaging",1
"avoid",1
"avondale",1
"ayer",1
"babette",1
"background",1
"backward",1
"bakersfield",1
"baltazar",1
"baltimore",1
"banos",1
"barba",1
"barbara",1
"barbosa",1
"barela",1
"barillas",1
"barking",1
"barnard",1
"barrage",1
"barron",1
"basement",1
"battle",1
"bay",1
"bayonetlike",1
"bays",1
"baytown",1
"bazan",1
"beach",1
"beanbags",1
"bear",1
"beat",1
"beck",1
"bed",1
"beer",1
"beforehand",1
"begun",1
"behalf",1
"behaving",1
"bejarano",1
"bellingham",1
"belonged",1
"benavidez",1
"benitez",1
"bent",1
"benton",1
"bergen",1
"bernal",1
"bernie",1
"betancourtmendoza",1
"bexar",1
"bin",1
"binging",1
"birelascontreras",1
"bizarrely",1
"blackberry",1
"blaine",1
"blazer",1
"bled",1
"blocked",1
"blood",1
"blue",1
"bmxtype",1
"bob",1
"bobolink",1
"bodega",1
"bolted",1
"booked",1
"bordencortez",1
"borger",1
"bounced",1
"boyle",1
"boywhen",1
"branch",1
"brandon",1
"brenda",1
"brett",1
"brewster",1
"brian",1
"briggs",1
"brittany",1
"brizuela",1
"bronco",1
"bronze",1
"brownsville",1
"brundage",1
"buechel",1
"buildings",1
"bulletresistant",1
"burbank",1
"burglar",1
"burgos",1
"burrus",1
"bushes",1
"bushwick",1
"bustillos",1
"butte",1
"byrd",1
"bystander",1
"bystanders",1
"cafon",1
"calderons",1
"caliber",1
"californianevada",1
"calupad",1
"cam",1
"camaro",1
"cambridge",1
"cameras",1
"camp",1
"campground",1
"camry",1
"canal",1
"capitan",1
"captain",1
"captive",1
"captured",1
"carballido",1
"card",1
"cardoza",1
"care",1
"carjact",1
"carli",1
"carlo",1
"carlsbad",1
"carmela",1
"carmelo",1
"carolinouuher",1
"carrasco",1
"carried",1
"carson",1
"cart",1
"carteruafatally",1
"cascade",1
"casey",1
"caseys",1
"castilleja",1
"castillo",1
"catch",1
"cazares",1
"cedar",1
"cedrick",1
"centeruapointeduawhat",1
"ceres",1
"cervantes",1
"chade",1
"chain",1
"challenged",1
"chance",1
"chandleruwere",1
"chaotic",1
"charging",1
"charla",1
"charles",1
"charlottemecklenburg",1
"chases",1
"chatsworth",1
"chavezangles",1
"chavezdiaz",1
"chemical",1
"cheyenne",1
"chicken",1
"childrens",1
"chin",1
"chino",1
"chokehold",1
"christine",1
"churchs",1
"circled",1
"cities",1
"citizen",1
"citrus",1
"civic",1
"claiber",1
"clarks",1
"claudio",1
"clint",1
"close",1
"closer",1
"clothes",1
"cloud",1
"clovis",1
"coast",1
"coax",1
"coborubio",1
"cocaine",1
"colazovolla",1
"collapsing",1
"college",1
"collier",1
"collins",1
"colonial",1
"colwell",1
"comments",1
"communicate",1
"communicated",1
"complainant",1
"complexes",1
"complying",1
"computer",1
"condition",1
"condominiums",1
"conducted",1
"confirmed",1
"conflicting",1
"confront",1
"confrontational",1
"connecting",1
"considered",1
"constable",1
"contactu",1
"contained",1
"containing",1
"continuing",1
"conversation",1
"convicted",1
"coon",1
"cooperate",1
"copper",1
"copsu",1
"corado",1
"cornered",1
"corona",1
"correaleyva",1
"corridor",1
"corvinus",1
"couch",1
"counter",1
"counts",1
"court",1
"courthouse",1
"coyote",1
"cracking",1
"credit",1
"crews",1
"crispin",1
"cristino",1
"crossfire",1
"crossing",1
"crosstown",1
"crowbar",1
"crowded",1
"cruzamado",1
"crying",1
"cthe",1
"cuadra",1
"cuellars",1
"cueva",1
"cuevas",1
"cumberland",1
"cumbre",1
"curb",1
"customer",1
"customs",1
"cutter",1
"cylindrical",1
"dairy",1
"dam",1
"damage",1
"damaging",1
"dan",1
"danielle",1
"danny",1
"dashcam",1
"daughter",1
"davila",1
"davis",1
"days",1
"deal",1
"dealers",1
"dealership",1
"december",1
"decided",1
"deck",1
"deemed",1
"defending",1
"deflation",1
"degree",1
"delacruz",1
"deleon",1
"deli",1
"delima",1
"deliraalires",1
"delk",1
"delta",1
"deltoro",1
"demanding",1
"demonstrations",1
"dennis",1
"denton",1
"denver",1
"deploy",1
"deploying",1
"depression",1
"derek",1
"described",1
"despite",1
"destroyed",1
"destroying",1
"detail",1
"detroit",1
"dever",1
"devine",1
"devion",1
"devolved",1
"deysie",1
"dialed",1
"diego",1
"dilley",1
"dillingham",1
"dinuba",1
"dionisio",1
"directly",1
"director",1
"disabled",1
"disarming",1
"disclosed",1
"disclosure",1
"disconnected",1
"discovering",1
"disobeyed",1
"disoriented",1
"dispatch",1
"dispatcher",1
"dispatchers",1
"displaying",1
"disputed",1
"distressed",1
"distribute",1
"district",1
"disturbanceu",1
"ditched",1
"divorce",1
"dodge",1
"dollar",1
"dolores",1
"domesticrelated",1
"domesticviolence",1
"domesticviolencerelated",1
"donley",1
"double",1
"dove",1
"downloading",1
"drag",1
"drown",1
"drugrelated",1
"drugsmuggling",1
"drunken",1
"dubrino",1
"durans",1
"duty",1
"dying",1
"ecso",1
"edged",1
"effort",1
"efforts",1
"ehrenberg",1
"eight",1
"elbert",1
"eldorado",1
"electrical",1
"electrocuted",1
"electronic",1
"elephant",1
"eliezer",1
"elisha",1
"eliuth",1
"elmendorf",1
"elude",1
"elvin",1
"embankment",1
"embassy",1
"emil",1
"emilio",1
"emotional",1
"empty",1
"encampment",1
"encinas",1
"enclosed",1
"engine",1
"english",1
"ennis",1
"enraged",1
"enrique",1
"entrance",1
"equipment",1
"eric",1
"ernest",1
"erratic",1
"erupted",1
"escalated",1
"escalomabaez",1
"escalona",1
"escaping",1
"escorted",1
"escorting",1
"espino",1
"espinosa",1
"espinoza",1
"establish",1
"ethan",1
"eugene",1
"eulizier",1
"evacuating",1
"evade",1
"evans",1
"evansvalencia",1
"events",1
"evicted",1
"evin",1
"exboyfriend",1
"exceeding",1
"exchanging",1
"execute",1
"executed",1
"executing",1
"exhibiting",1
"exiting",1
"explosives",1
"exposing",1
"exs",1
"extended",1
"extending",1
"eye",1
"fabela",1
"fabian",1
"failing",1
"failure",1
"fake",1
"false",1
"familyua",1
"fearing",1
"feb",1
"feetlong",1
"feliz",1
"felon",1
"femur",1
"fences",1
"ferguson",1
"fernand",1
"fiancee",1
"fidel",1
"fiesta",1
"filling",1
"finger",1
"finney",1
"firedu",1
"fires",1
"fit",1
"fivestory",1
"flaco",1
"flag",1
"flat",1
"fledu",1
"fletcher",1
"flick",1
"flung",1
"fluty",1
"flynn",1
"focus",1
"followup",1
"fontana",1
"foods",1
"footlong",1
"forcibly",1
"forensics",1
"forgery",1
"fountain",1
"fourhour",1
"fox",1
"foyer",1
"frankie",1
"fraud",1
"fraudulent",1
"freeuawrenching",1
"fresh",1
"fryman",1
"fullerton",1
"furniture",1
"gain",1
"galena",1
"gallardo",1
"gallegos",1
"galveston",1
"game",1
"gamino",1
"gangs",1
"gangstyle",1
"gaona",1
"garbage",1
"garciamuro",1
"gardena",1
"gardens",1
"garnica",1
"gary",1
"gavino",1
"gene",1
"general",1
"geraldo",1
"gerardo",1
"german",1
"gilbert",1
"gilberto",1
"giovanni",1
"given",1
"glasser",1
"glock",1
"godbout",1
"godines",1
"golf",1
"gomezs",1
"gone",1
"gongora",1
"gonzalezs",1
"goods",1
"goodyear",1
"goshen",1
"gospel",1
"grab",1
"graffiti",1
"grande",1
"grandson",1
"grant",1
"graziano",1
"green",1
"greg",1
"grocery",1
"grow",1
"guerra",1
"guevara",1
"guillermo",1
"guitar",1
"guttenberguwith",1
"gutter",1
"hackensack",1
"halfhour",1
"halfway",1
"hamburger",1
"handcuffed",1
"handcuffs",1
"handheld",1
"handle",1
"handles",1
"hanford",1
"hanging",1
"harassing",1
"harbor",1
"hard",1
"harvey",1
"hatecrime",1
"hawthorne",1
"hazard",1
"heald",1
"heather",1
"heavy",1
"hed",1
"heels",1
"hein",1
"heineken",1
"hele",1
"helicopter",1
"helping",1
"hemerly",1
"heredia",1
"hereford",1
"hernandezrossy",1
"heroin",1
"heruuhad",1
"hidalgo",1
"highrisk",1
"hijacked",1
"himrrn",1
"himselfua",1
"history",1
"hisuaweaponuawas",1
"hofer",1
"holdup",1
"hollenbeck",1
"holster",1
"homeinvasion",1
"homeland",1
"homemade",1
"homophobic",1
"honking",1
"hoone",1
"horacio",1
"hospitalua",1
"hostageu",1
"hourlong",1
"housing",1
"hudson",1
"humberto",1
"huron",1
"hurstbourne",1
"hurtado",1
"hustes",1
"ibarra",1
"iii",1
"immediate",1
"impact",1
"impaired",1
"implicated",1
"implicating",1
"implied",1
"imprisonment",1
"improper",1
"improvised",1
"incidents",1
"included",1
"incoherent",1
"indiana",1
"industrial",1
"informed",1
"infraction",1
"injuring",1
"injury",1
"innis",1
"intensified",1
"intent",1
"interfering",1
"interrupted",1
"intervene",1
"invaded",1
"invalid",1
"involve",1
"ipads",1
"irrational",1
"irvine",1
"isaac",1
"isaiah",1
"isaias",1
"isidro",1
"ismael",1
"issuing",1
"items",1
"ivan",1
"jack",1
"jacket",1
"jackinthebox",1
"jacobo",1
"jacquez",1
"jail",1
"jamee",1
"jasen",1
"jax",1
"jeep",1
"jennifer",1
"jeremy",1
"jessica",1
"jimenez",1
"joaquin",1
"jocelyn",1
"jody",1
"joe",1
"joes",1
"joey",1
"johnathon",1
"johnny",1
"joined",1
"joints",1
"josh",1
"josue",1
"jovany",1
"july",1
"jump",1
"junior",1
"katrina",1
"keating",1
"kelley",1
"kelvin",1
"ken",1
"kent",1
"kern",1
"kicked",1
"kids",1
"kilos",1
"kimberly",1
"kind",1
"king",1
"kingman",1
"kirk",1
"kitchentype",1
"knee",1
"knifeu",1
"knifeua",1
"knock",1
"knowing",1
"koa",1
"koby",1
"krystal",1
"kuna",1
"lacerations",1
"ladder",1
"lafayette",1
"laguna",1
"lainez",1
"lamoreaux",1
"landlord",1
"lands",1
"lansing",1
"lap",1
"lapds",1
"laplante",1
"larry",1
"laser",1
"lasted",1
"late",1
"latino",1
"laurel",1
"lawn",1
"layau",1
"legal",1
"lengthy",1
"leonel",1
"leroy",1
"lessless",1
"lester",1
"let",1
"leuchner",1
"level",1
"levelland",1
"life",1
"lifethreatening",1
"limited",1
"line",1
"lineofduty",1
"linked",1
"liquor",1
"lives",1
"living",1
"llanez",1
"loan",1
"lobby",1
"locations",1
"locher",1
"lockhart",1
"lodi",1
"lohman",1
"lone",1
"loop",1
"loss",1
"loudspeaker",1
"lowell",1
"lower",1
"lowering",1
"lozanomurillos",1
"lucille",1
"luiz",1
"luke",1
"lunging",1
"lure",1
"machado",1
"machetes",1
"machetetype",1
"machetewielding",1
"madera",1
"maestas",1
"magana",1
"magnuson",1
"malls",1
"malone",1
"managed",1
"manageras",1
"manhunt",1
"manteca",1
"many",1
"marathon",1
"maravilla",1
"marays",1
"march",1
"marcus",1
"maria",1
"mariano",1
"marked",1
"marlysa",1
"marsh",1
"marshal",1
"marshalls",1
"martinezs",1
"marys",1
"mass",1
"match",1
"mathis",1
"matthew",1
"mattingly",1
"mauricio",1
"maverik",1
"mccurtain",1
"mckinley",1
"meadow",1
"means",1
"media",1
"median",1
"medievallooking",1
"meija",1
"meiji",1
"melyda",1
"memorial",1
"menjivar",1
"mercedes",1
"merton",1
"mesaros",1
"methods",1
"metro",1
"metzger",1
"meu",1
"miamidade",1
"micah",1
"michel",1
"midmorning",1
"mile",1
"milepost",1
"military",1
"miller",1
"millerton",1
"millimeter",1
"minnesota",1
"mirage",1
"misael",1
"misidentified",1
"mobil",1
"moderate",1
"modesto",1
"mohave",1
"moises",1
"molestation",1
"moncada",1
"moncadas",1
"monitoring",1
"monroe",1
"montana",1
"month",1
"montoyas",1
"moped",1
"moralescamacho",1
"mordaga",1
"morris",1
"mostly",1
"motels",1
"motions",1
"motor",1
"motorist",1
"mountain",1
"movement",1
"mph",1
"much",1
"multiplevehicle",1
"mumbling",1
"munitions",1
"murdered",1
"murders",1
"murillo",1
"murrietta",1
"mustang",1
"muttering",1
"nadia",1
"najera",1
"name",1
"names",1
"narrow",1
"nassiri",1
"nateraperez",1
"nathaniel",1
"navarrete",1
"navarretes",1
"navarro",1
"navarrogarcia",1
"negotiate",1
"negotiating",1
"negotiator",1
"negotiators",1
"nephew",1
"never",1
"newman",1
"newton",1
"nicolas",1
"nicollet",1
"niles",1
"nissan",1
"nolberto",1
"nonpolice",1
"noon",1
"norma",1
"northwest",1
"norton",1
"nose",1
"nueva",1
"numerous",1
"nuys",1
"nypd",1
"objects",1
"obscenities",1
"observed",1
"obtain",1
"occupant",1
"occurring",1
"ocsd",1
"odd",1
"offences",1
"offender",1
"offenders",1
"offense",1
"offenses",1
"officerinvolved",1
"officersuainvestigating",1
"officeruashot",1
"offices",1
"offramp",1
"ogden",1
"old",1
"older",1
"olivares",1
"olivarez",1
"olivio",1
"omar",1
"onduty",1
"ontario",1
"onuaofficers",1
"opening",1
"openly",1
"operation",1
"orange",1
"ordering",1
"organization",1
"organizations",1
"orion",1
"orona",1
"oso",1
"osorniovelasquez",1
"osullivan",1
"osuna",1
"oswell",1
"oszust",1
"otero",1
"outreach",1
"overdose",1
"overpass",1
"overturn",1
"oxford",1
"pacas",1
"pacific",1
"pacing",1
"paco",1
"padilla",1
"panicked",1
"paperwork",1
"paraphernalia",1
"parks",1
"parkview",1
"participants",1
"party",1
"pasadena",1
"pasco",1
"passengers",1
"passersby",1
"passing",1
"patch",1
"paterson",1
"patrick",1
"patroling",1
"patting",1
"peculiarly",1
"pefas",1
"pena",1
"penaloza",1
"pendleton",1
"pennsylvania",1
"pequeno",1
"per",1
"perezs",1
"perhaps",1
"persons",1
"pfeiffer",1
"phelps",1
"physically",1
"pick",1
"pickaxe",1
"pico",1
"pictures",1
"piece",1
"pietri",1
"pilot",1
"pinedas",1
"pizarro",1
"plain",1
"planned",1
"plymouth",1
"pmuaconfronteduasanchez",1
"poe",1
"poice",1
"popped",1
"porch",1
"portillo",1
"position",1
"possessing",1
"post",1
"prairie",1
"preceded",1
"precisely",1
"predawn",1
"pregnant",1
"premeditated",1
"prepared",1
"presence",1
"prevention",1
"primary",1
"probes",1
"problems",1
"progreso",1
"propose",1
"prosecuted",1
"prosecutors",1
"provide",1
"prowler",1
"prowling",1
"psychiatric",1
"ptsd",1
"publix",1
"pulgas",1
"punched",1
"punishmentspousal",1
"pursue",1
"putting",1
"pynenberg",1
"quality",1
"quarreled",1
"questioned",1
"quezada",1
"quinones",1
"quintero",1
"rabago",1
"racetrac",1
"racial",1
"rael",1
"rafael",1
"rage",1
"rail",1
"rainford",1
"raise",1
"ramin",1
"ramiro",1
"ramoz",1
"rampage",1
"random",1
"rang",1
"rangel",1
"ransacking",1
"rape",1
"rascon",1
"raymond",1
"raziel",1
"rea",1
"reach",1
"reaction",1
"ready",1
"real",1
"rearend",1
"reckless",1
"record",1
"recreational",1
"reentered",1
"refugio",1
"regional",1
"reinaldo",1
"relating",1
"relation",1
"relations",1
"relationship",1
"remained",1
"remarked",1
"remote",1
"remove",1
"rendon",1
"request",1
"residences",1
"residents",1
"rest",1
"restrained",1
"restroom",1
"resumed",1
"retrieve",1
"reversed",1
"reversing",1
"rialto",1
"ricardo",1
"richmond",1
"ridgecrest",1
"rifleu",1
"riggenbach",1
"rincon",1
"rio",1
"rios",1
"ripon",1
"ripped",1
"risa",1
"rite",1
"riveramelendez",1
"riveras",1
"riverview",1
"roads",1
"robbie",1
"robe",1
"robot",1
"rodolfo",1
"rodriguezgarcia",1
"rodriquez",1
"rodriquezs",1
"rolando",1
"roll",1
"ronald",1
"ronny",1
"rooms",1
"rosales",1
"rosalio",1
"rosas",1
"rosenow",1
"ross",1
"rovies",1
"royal",1
"rubio",1
"rueben",1
"ruidoso",1
"ruizbarreto",1
"ruizrodriguez",1
"rural",1
"rushed",1
"saabedra",1
"sad",1
"saddam",1
"saenz",1
"safe",1
"sahuarita",1
"saidthe",1
"saldivar",1
"salgado",1
"salome",1
"salt",1
"sam",1
"samuel",1
"samurai",1
"sanabria",1
"sandejo",1
"sandovals",1
"santana",1
"santosbanos",1
"sapd",1
"sarmientomolina",1
"sauceda",1
"saucedas",1
"saucedo",1
"sawedoff",1
"says",1
"scanner",1
"scars",1
"schizophrenia",1
"schley",1
"scott",1
"scottuacarter",1
"scottys",1
"screams",1
"scuffle",1
"sean",1
"seated",1
"seats",1
"sebastian",1
"secondstory",1
"section",1
"secure",1
"selfdefense",1
"sentra",1
"serious",1
"serrano",1
"services",1
"setting",1
"settings",1
"seventh",1
"sex",1
"sexually",1
"shared",1
"sharp",1
"sharpening",1
"shattered",1
"shawn",1
"shed",1
"sheet",1
"shells",1
"sheuabroke",1
"shieldu",1
"shirt",1
"shock",1
"shoplifting",1
"shoulder",1
"shoved",1
"show",1
"shrubbery",1
"shuffles",1
"shut",1
"sicced",1
"sidecorroborated",1
"sight",1
"signpost",1
"silverton",1
"simental",1
"simoes",1
"siney",1
"single",1
"singlefamily",1
"sink",1
"sirens",1
"sister",1
"sixth",1
"skateboard",1
"skateboarding",1
"skyler",1
"sleeping",1
"slid",1
"sliding",1
"slipped",1
"slurs",1
"sly",1
"smashed",1
"smiths",1
"smoking",1
"smuggling",1
"snipers",1
"snowbank",1
"solano",1
"soliz",1
"solomon",1
"something",1
"sons",1
"soriano",1
"southside",1
"space",1
"spanish",1
"spear",1
"specify",1
"speeds",1
"speedway",1
"spiked",1
"spoke",1
"spokesperson",1
"sport",1
"sporting",1
"spot",1
"spotting",1
"sprayed",1
"spraying",1
"spring",1
"squad",1
"square",1
"stable",1
"staff",1
"stake",1
"stanceu",1
"stapler",1
"star",1
"starr",1
"starting",1
"statements",1
"stations",1
"stayed",1
"staying",1
"steel",1
"stephanie",1
"steve",1
"steven",1
"sticks",1
"stipulate",1
"stith",1
"stockdale",1
"stockton",1
"stokes",1
"stolens",1
"stolenvehicle",1
"stool",1
"storage",1
"story",1
"stovall",1
"strangers",1
"strangling",1
"strapped",1
"streetmetro",1
"strope",1
"structures",1
"struggling",1
"stuart",1
"stunbag",1
"suarezmadonado",1
"subjects",1
"subway",1
"successful",1
"successfully",1
"suggest",1
"suggested",1
"suggs",1
"sunnyvale",1
"supercenter",1
"supermarket",1
"sur",1
"sure",1
"survived",1
"suspended",1
"sustained",1
"swerved",1
"swordtype",1
"sylvia",1
"tactic",1
"tail",1
"taillight",1
"talking",1
"tanks",1
"taos",1
"tarentino",1
"tarin",1
"taylor",1
"tear",1
"teenagers",1
"tehachapi",1
"telephone",1
"tell",1
"telling",1
"temple",1
"temporary",1
"tenant",1
"tending",1
"tennessee",1
"terco",1
"terrace",1
"texaco",1
"texts",1
"themuathe",1
"themuawhen",1
"thenuaexited",1
"thereafter",1
"threaten",1
"threecar",1
"thrown",1
"tightly",1
"tilvaldiev",1
"tim",1
"timberline",1
"timothy",1
"timur",1
"tirepop",1
"today",1
"tomas",1
"tomix",1
"tone",1
"tools",1
"toppenish",1
"torch",1
"toro",1
"toros",1
"torrance",1
"township",1
"trader",1
"trail",1
"transit",1
"transportation",1
"trapped",1
"trash",1
"triggering",1
"trimberger",1
"trunk",1
"tuozzolo",1
"turn",1
"turnpike",1
"turns",1
"tweet",1
"twisters",1
"twoyear",1
"type",1
"ualexu",1
"uan",1
"uattempted",1
"ubegan",1
"udomestic",1
"uhad",1
"ujust",1
"ulises",1
"ulm",1
"ultimately",1
"umana",1
"umanagarcia",1
"umberto",1
"understand",1
"underwear",1
"unfolded",1
"units",1
"university",1
"unlawful",1
"unlocked",1
"unmaintained",1
"update",1
"updates",1
"uproduced",1
"urbina",1
"urgent",1
"urinating",1
"ushots",1
"uslashedu",1
"usmexico",1
"uthe",1
"uthreatening",1
"utility",1
"valdovinos",1
"valera",1
"valet",1
"vallarta",1
"vallejos",1
"valliant",1
"vancouver",1
"vandalizing",1
"vanessa",1
"vanuyearold",1
"various",1
"vegas",1
"velascomartinezs",1
"velasquez",1
"venegas",1
"venturas",1
"veramunoz",1
"vernon",1
"vicente",1
"victimu",1
"vidal",1
"videos",1
"vigil",1
"village",1
"villagran",1
"villot",1
"violating",1
"violations",1
"violators",1
"violencerelated",1
"violencetype",1
"violently",1
"vivas",1
"waistbandan",1
"waited",1
"walks",1
"wall",1
"walvort",1
"walz",1
"want",1
"wanting",1
"warden",1
"watch",1
"watching",1
"water",1
"watkins",1
"watonwan",1
"wearing",1
"week",1
"weekend",1
"wellbeing",1
"wesley",1
"wesson",1
"westbound",1
"westminster",1
"westover",1
"wheel",1
"wheeler",1
"whiteface",1
"whitehall",1
"wielded",1
"willy",1
"wind",1
"wink",1
"winston",1
"wished",1
"within",1
"wolmar",1
"womenua",1
"wongshue",1
"wood",1
"wooden",1
"workers",1
"workplace",1
"wreck",1
"wrench",1
"wrestle",1
"writing",1
"yahir",1
"yakima",1
"yank",1
"yards",1
"year",1
"yelled",1
"yemerson",1
"york",1
"young",1
"ysidro",1
"zambrano",1
"zambranomontes",1
"zamora",1
"zapata",1
