State,County,Population_Diversity_Index,Black_pop_perc
WV,Tucker,4.9218,0.4
MS,Lawrence,47.1709,31.2
SD,Bon Homme,21.9285,1.1
UT,Beaver,24.8834,0.4
IN,Henry,11.3398,2.6
TX,Matagorda,61.2762,11.4
WI,Fond du Lac,16.7201,1.5
KS,Shawnee,41.4644,8.8
OK,Garfield,37.9919,3.3
OR,Polk,34.7223,0.8
RI,Bristol,12.2757,1
MO,Montgomery,9.8688,1.5
KS,Republic,6.4557,0.6
OK,Creek,38.379,2.4
WY,Platte,19.7897,0.9
VA,Loudoun,58.7233,7.7
MI,Missaukee,9.8517,0.4
TX,Hartley,49.5291,7.5
GA,Bleckley,45.1218,26.8
WI,Dodge,17.074,3
IN,Boone,14.287,1.4
MT,Roosevelt,52.0283,0.2
TX,Mason,38.2424,1
ID,Bonneville,28.0032,0.7
MO,DeKalb,26.7365,11.4
WV,Boone,4.1444,0.7
NC,Carteret,24.5625,6.3
TN,Loudon,20.4957,1.5
OK,Atoka,45.183,3.9
AK,Yukon-Koyukuk Census Area,44.7209,0.4
GA,Fannin,8.7389,0.7
UT,Box Elder,22.5697,0.5
TX,Howard,56.8861,7
NC,Cherokee,15.9084,1.5
SD,Shannon,13.3525,0.2
NC,Cumberland,63.6081,37.4
WI,Marinette,7.9872,0.4
WY,Crook,11.8947,1.2
KS,Cherokee,20.5962,0.7
NY,Montgomery,28.4601,2.6
NC,Avery,19.6666,4.2
IN,Miami,18.6787,4.6
VA,Nottoway,53.813,39.4
MS,Sunflower,40.6226,72.8
AL,Autauga,38.8898,18.4
OK,Kingfisher,36.6411,1.5
AL,Blount,22.1056,1.8
NE,Hitchcock,8.1522,0.2
NC,Haywood,12.7889,1.2
NE,Furnas,9.6368,0.3
VA,Isle of Wight,44.1937,24.2
AR,Baxter,9.1101,0.3
CT,Middlesex,26.7092,5.3
TX,Potter,62.912,10.8
TX,Morris,50.68,22.8
KS,Anderson,10.437,0.6
WV,Gilmer,34.9206,12.8
GA,Catoosa,15.907,2.6
FL,Putnam,44.5197,16.5
IA,Woodbury,39.1637,2.7
OH,Noble,8.7098,2.8
SC,Union,46.879,31.5
NV,White Pine,42.711,4.5
KS,Brown,28.6786,1.5
IN,Warren,5.6927,0.3
MN,Pope,5.6918,0.4
TX,Menard,48.2363,1.4
OR,Douglas,20.5552,0.4
TX,Wharton,61.3554,14.4
MA,Nantucket,36.5845,7.9
WY,Converse,20.517,1.2
IL,Kankakee,43.6835,15.4
ND,Rolette,37.2384,0.3
OK,Carter,47.0863,7.1
UT,Cache,26.9504,0.8
MI,Presque Isle,7.4202,0.6
MO,Maries,7.036,0.4
FL,Hamilton,57.5657,33.9
NE,Pierce,5.8792,0.3
TX,Austin,51.843,9.6
NE,Adams,21.9552,1
IN,Randolph,10.3878,0.6
KY,Jackson,3.9483,0.3
NE,Keya Paha,2.1816,0
WY,Lincoln,14.3852,1
MN,Kandiyohi,28.0181,3.3
IA,Greene,9.0986,0.5
MA,Worcester,35.1179,5.1
GA,Clinch,48.0346,27.7
KS,Clay,9.6653,0.6
MO,Pulaski,47.6335,12.5
LA,East Baton Rouge Parish,57.4996,46
NE,Kearney,11.7742,0.2
MO,Bates,9.8588,1.1
NJ,Hudson,68.1081,15.1
OR,Wheeler,20.3521,0.1
WI,Waukesha,19.026,1.4
IA,Dickinson,6.4553,0.3
NC,Nash,57.1598,39
IL,St. Clair,51.3649,30.4
TX,Runnels,49.1683,2.6
NE,Red Willow,14.5355,0.9
IN,Clinton,27.4929,0.6
MD,Montgomery,68.7803,18.6
WV,Hampshire,7.4133,1.2
WI,Outagamie,20.8152,1.2
KY,Todd,25.3121,8.4
WY,Natrona,23.9113,1.9
MS,Prentiss,28.7823,14
KY,Jefferson,46.5121,21.4
OH,Champaign,11.9038,2.3
MI,St. Joseph,22.8261,2.7
TX,Collingsworth,52.7085,6
IL,Franklin,7.412,0.5
WV,Wayne,4.7278,0.4
SD,Bennett,53.1492,0.4
PA,Delaware,47.0458,20.9
CA,Marin,44.2392,2.8
KS,Marion,11.89,1
CA,Los Angeles,66.1865,9.2
GA,Muscogee,59.7696,46
FL,Glades,56.3845,13.5
ID,Blaine,35.6945,0.3
MN,Renville,19.1378,0.5
OR,Baker,15.3252,0.6
ND,Slope,8.1136,0.3
GA,Burke,54.2753,48.5
CA,Placer,41.7471,1.7
TN,Wayne,17.1527,6
AR,Perry,14.6272,2.3
WI,Rusk,7.6046,0.6
KY,Estill,4.1412,0.3
CA,El Dorado,35.5694,0.9
TX,Roberts,29.3764,0.7
OH,Highland,8.1704,1.5
IN,LaGrange,10.3473,0.4
KS,Pottawatomie,18.8138,1.3
KS,Greenwood,14.5877,0.4
FL,Wakulla,35.4523,15.1
NC,Camden,33.988,13
MT,Judith Basin,7.4137,0
IL,Cumberland,5.6913,0.5
VA,Russell,5.6881,1
NE,Rock,5.4981,0.1
WI,Menominee,26.9335,0.8
PA,Wayne,16.5345,3.4
FL,Seminole,53.3994,12
IL,Bond,21.8284,6.5
OK,Beaver,39.999,1
LA,Winn Parish,47.4835,30.5
SC,McCormick,52.3422,49.2
TN,Lauderdale,50.9963,35.1
OH,Jefferson,17.0181,5.5
IL,Iroquois,16.5969,1
VA,Augusta,15.6634,4.2
KY,Perry,7.9849,1.6
MD,Wicomico,50.6295,24.9
NM,Mora,31.7021,1
WA,Spokane,25.5336,1.9
MT,Treasure,14.0308,0.1
VA,York,44.2352,13.3
GA,Floyd,44.1415,14.9
IL,Gallatin,8.1657,0.7
WV,Clay,4.1404,0.2
TX,Lynn,53.385,2.5
VA,Lynchburg city,51.7655,28.6
MS,Newton,51.7325,30.3
IL,Macon,37.081,17
MN,Stearns,19.2512,3.6
WV,Pendleton,10.0394,2.4
TN,Carter,9.1146,1.5
MI,Delta,12.0788,0.3
OR,Lincoln,29.1103,0.7
MT,Cascade,25.1685,1.6
PA,Dauphin,48.2295,18.6
FL,Lafayette,45.9528,15.2
TN,White,11.5338,1.9
MI,Dickinson,8.176,0.5
IN,Elkhart,39.1267,6.1
VA,Page,10.4178,2.1
CA,Plumas,27.9941,1
OH,Union,15.7198,2.6
TX,Dallas,69.039,23.1
AR,Grant,13.3605,2.7
IA,Van Buren,5.4998,0.2
IL,Scott,5.499,0.4
TX,Nueces,51.4446,4.4
NC,Person,48.1742,27.2
WI,Marathon,19.3154,0.8
FL,Citrus,20.4041,3.1
TX,Swisher,57.337,7.7
AR,Howard,50.7901,21.2
FL,Calhoun,37.9056,13.4
TX,Motley,32.3368,2.1
GA,Glascock,22.8616,9.4
PA,Lehigh,47.1196,8.2
MS,Lafayette,44.7832,23.8
NY,Sullivan,42.5527,9.8
IN,Dubois,15.1094,0.5
UT,Weber,36.9438,1.6
GA,Bartow,35.7673,10.8
SD,Walworth,31.9845,0.4
TX,Gaines,50.9607,2.1
SD,Campbell,6.0728,0.1
IA,Dallas,23.2271,1.7
MS,Tunica,39.0752,75.1
NY,Queens,74.2224,20.9
GA,Baker,55.4672,45.6
ND,Kidder,11.4573,0.4
MI,Otsego,9.4971,0.5
SD,Kingsbury,8.735,0.4
WA,Wahkiakum,16.9233,0.3
AK,North Slope Borough,61.2887,1.1
TN,DeKalb,19.1245,2.1
MN,Kanabec,9.1152,0.5
OH,Stark,23.0844,7.8
NY,Albany,42.0065,13.5
GA,Jenkins,54.9508,43.2
FL,Polk,54.4458,15.6
NM,Lea,54.3478,4.3
WA,Franklin,55.247,2.6
TN,Bledsoe,14.9502,4
SD,Lincoln,11.7435,1.2
IL,Marion,15.3249,4
IN,Allen,40.8551,12.2
IN,Shelby,13.3173,1.2
SC,Edgefield,54.3149,36.8
GA,Washington,52.8219,52.6
OK,Beckham,39.3611,4.5
IL,Hamilton,6.4549,0.6
TX,Red River,42.5545,17.4
SD,Spink,9.4863,0.7
OH,Erie,27.6188,8.7
MN,Carlton,21.217,1.6
TN,Tipton,38.1897,18.7
OK,Canadian,37.4837,2.8
MS,Leake,59.0242,41.7
AK,Yakutat City and Borough,69.8748,0.9
GA,Sumter,55.7514,52.5
ID,Fremont,25.9801,0.8
AR,Monroe,52.8269,40.1
AK,Ketchikan Gateway Borough,54.1652,0.9
NV,Clark,67.3066,11.5
NE,Dundy,17.7563,0.5
KS,Franklin,15.8545,1.4
VT,Grand Isle,11.7162,0.5
VA,Cumberland,49.7661,32.3
IN,Porter,27.4087,3.6
LA,Calcasieu Parish,46.0464,25.2
NE,Saunders,8.1638,0.5
IL,Will,52.2787,11.6
TX,Henderson,35.0927,6.6
MO,Benton,8.3631,0.4
WI,Bayfield,25.931,0.6
VA,Poquoson city,14.1123,1
AZ,Pinal,56.9087,4.8
WI,Columbia,11.8982,1.4
NY,Tioga,8.5537,0.9
GA,Johnson,49.3985,34.6
NY,Broome,26.7476,5.5
FL,Monroe,47.1566,6.9
OR,Washington,49.3451,2.1
OH,Summit,35.5959,14.7
WI,Burnett,17.9517,0.7
CA,Glenn,55.0859,1.1
CO,Montrose,37.0753,0.7
ME,Lincoln,6.6558,0.4
CO,Denver,60.615,10.2
TX,Bell,65.3821,22.4
TX,Wheeler,45.8657,2.9
GA,Brooks,53.6623,35
GA,Stephens,29.391,11.2
IA,Pocahontas,10.5779,0.9
OK,Tulsa,55.2901,10.8
MO,Clay,30.2568,5.8
WY,Uinta,22.5552,0.8
OK,Ellis,22.0857,0.6
AL,Clay,33.7811,14.4
TN,Dyer,33.106,14.6
IA,Cedar,7.7853,0.5
MO,Howard,17.0306,5.3
NY,Rensselaer,27.2796,7.2
AL,Fayette,26.1504,11.8
AK,Prince of Wales-Hyder Census Area,60.0004,0.4
IA,Iowa,7.7751,0.6
TX,Crosby,53.8474,4.4
LA,Lafayette Parish,48.4672,26.1
LA,Franklin Parish,46.428,31.6
NC,Pender,41.6583,17.3
NE,Perkins,8.8647,0.8
IA,Tama,29.1607,0.5
MO,Lawrence,18.4634,0.5
IL,Alexander,52.0524,36.1
KS,Stanton,50.1455,0.9
AL,Dale,45.6053,19.6
NV,Esmeralda,44.3834,2.8
MN,McLeod,14.3207,0.7
KY,Lawrence,4.5301,0.4
SD,Beadle,32.0296,1.7
TX,Garza,56.5915,7.3
KS,Stevens,47.7129,0.7
NE,Cuming,19.2307,0.3
WV,Lincoln,3.5585,0.2
KS,Neosho,17.4237,1.2
MO,Stone,8.735,0.4
SC,Clarendon,53.7069,48.9
LA,Ouachita Parish,51.7071,37.1
TX,Cherokee,54.817,14.9
TX,Wilbarger,54.2915,8.7
NE,Grant,5.4922,0.2
TX,Montague,23.8791,0.6
WI,Eau Claire,16.2475,1
AK,Wade Hampton Census Area,14.702,0.2
HI,Kauai,73.0326,0.7
MO,McDonald,35.5383,1.5
TN,Montgomery,51.8661,19.4
NM,Hidalgo,51.1588,1.2
IL,Logan,23.7089,8
TN,Union,6.2611,0.2
OH,Ross,18.9113,6.2
UT,Garfield,17.7268,0.5
NC,Washington,54.963,49.2
VA,Essex,54.6371,38.5
OK,Mayes,50.8904,0.6
VA,New Kent,33.995,13.7
VA,Warren,22.4328,5.1
KS,Smith,8.1713,0.4
TX,Colorado,56.4287,13.3
WA,Benton,42.6929,1.6
TN,Grainger,8.8992,0.7
MS,Humphreys,39.1594,74.7
LA,Jefferson Davis Parish,35.5321,17.1
VT,Windsor,9.1231,0.7
VA,Mathews,24.2813,9
TX,Knox,52.7048,6
TX,Winkler,51.668,2.9
PA,Northampton,35.5754,6.1
KS,Barton,30.0496,1.8
LA,Jefferson Parish,60.7961,27
OK,Oklahoma,60.5322,15.8
MN,Clearwater,25.2221,0.4
IA,Lucas,5.1089,0.2
MO,Jasper,26.3403,2.3
IL,Jackson,41.1708,14.8
NY,Tompkins,36.5934,4.4
IL,Massac,19.8294,5.7
TN,Meigs,10.0513,1.5
IL,Henderson,6.4611,0.4
IL,Calhoun,4.3378,0.3
GA,Clayton,50.011,67.8
IA,Marshall,40.1517,1.9
NE,Platte,29.9019,0.7
KY,Pendleton,5.6903,0.6
AR,Lee,53.3449,54.4
MD,Baltimore,55.2251,27.5
CA,Sacramento,68.7281,10.8
IL,Bureau,20.0393,0.8
WI,Rock,28.649,5.1
TX,Galveston,58.4602,13.7
TX,Hardeman,45.6357,6.3
MS,Greene,42.6515,27.1
MO,Marion,17.7551,5.2
WI,Iron,6.2691,0.2
AK,Bristol Bay Borough,64.8271,0
OK,McClain,35.0166,0.9
MO,Cass,20.5829,4
NY,Erie,38.5703,13.9
MO,Ozark,7.9764,0.3
MT,Petroleum,5.1088,0
NC,Yadkin,26.3472,3.4
GA,Douglas,59.7172,42.5
VA,Stafford,51.9308,17.8
PA,Crawford,9.1113,1.9
TN,Moore,11.3472,2.5
IN,Greene,5.8834,0.3
TX,Fisher,46.5557,3.8
IA,Audubon,4.92,0.4
ND,Bowman,12.6877,0.3
AR,Newton,10.5992,0.2
AZ,Yuma,51.2612,2.7
TX,McLennan,58.121,15
NY,Otsego,15.3416,2.1
NH,Rockingham,12.4535,0.9
IL,Richland,7.9862,0.6
MO,Greene,21.0068,3.2
OH,Ashland,7.6115,0.9
IA,Clarke,24.3451,0.8
OK,Washington,42.7552,2.7
TX,Tom Green,54.5529,4.7
OH,Scioto,12.2701,2.7
MS,Warren,53.4763,47.9
NE,Saline,41.1712,1.5
TN,Maury,34.174,12.3
MO,Madison,8.5481,0.5
MT,Musselshell,13.1595,0.5
CO,Yuma,36.1809,0.3
TX,Jack,35.684,4.2
CA,Tuolumne,31.9478,2.1
CA,Madera,55.2329,4
WV,Marshall,6.2707,0.7
MI,Huron,8.1665,0.5
MS,Clay,49.8807,58.8
NJ,Salem,39.7373,14.7
KY,Edmonson,8.1699,1.8
IA,Howard,6.2631,0.5
ND,Steele,6.0764,0.2
WV,Ritchie,4.3357,0.3
FL,DeSoto,58.3858,13.3
AL,Morgan,38.6647,12.4
ND,Adams,8.7482,0.7
SC,Saluda,57.1553,26.4
WI,St. Croix,10.43,0.7
WA,Grays Harbor,34.3143,1.3
NC,Davie,26.7249,6.5
PA,Monroe,48.208,14.8
WV,Putnam,8.1809,1.1
NY,Hamilton,7.9915,0.9
IA,Harrison,6.2643,0.3
IA,Sioux,21.0673,1
AR,Polk,20.4895,0.5
IA,Winneshiek,9.2939,0.8
FL,Washington,37.352,15.5
OK,Tillman,54.8564,8.5
TX,Ector,54.0002,4.8
NC,Buncombe,28.5672,6.5
IA,Winnebago,13.3204,1.3
VA,Chesapeake city,55.2588,30
UT,Piute,18.1427,0.2
GA,Decatur,55.6909,41.4
UT,Grand,29.0772,0.7
TX,Milam,51.7065,10.1
IA,Union,9.6683,1
KY,Casey,9.4595,0.7
NJ,Somerset,58.7819,9.8
ND,Wells,5.4973,0.2
CA,San Diego,65.0181,5.6
MN,Olmsted,31.5375,5.5
MS,Lee,46.585,28.6
TX,Hall,55.0134,7.8
SD,Lake,11.9148,1.1
MT,Toole,21.2449,0.7
KS,Ellis,17.3897,1
MI,Emmet,15.8674,0.6
TX,Mitchell,60.1006,12.8
NC,Pasquotank,55.4213,37.8
TX,Jones,55.1138,13
ME,Oxford,7.7963,0.4
PA,Armstrong,5.112,0.9
OH,Monroe,4.7225,0.5
OH,Muskingum,14.9461,3.9
TX,Washington,52.1163,18
NC,Madison,11.5282,1.6
AR,Sevier,54.1947,4.5
IA,Shelby,7.7837,0.5
MO,Pemiscot,44.9114,26.7
OH,Hocking,6.0775,0.6
VA,Dickenson,3.7544,0.4
VA,Greensville,50.6892,59.2
KY,Lyon,16.2852,5.7
MD,Charles,60.0455,43.1
NY,Saratoga,15.7249,1.7
IA,Clay,10.2115,0.6
IA,Humboldt,10.9138,0.7
MO,Henry,10.6186,1.2
MD,Howard,61.4333,18.4
TX,Montgomery,46.7128,4.7
IL,Boone,39.7937,2.6
AK,Haines Borough,35.363,0.5
SD,Pennington,33.9937,1.7
TN,Putnam,19.837,2.3
TX,Kerr,43.5695,2.1
OH,Holmes,3.9476,0.4
MN,Freeborn,22.7049,1.1
KS,Riley,38.0696,6.9
CO,Broomfield,37.5931,1.5
VA,Goochland,37.1117,17.9
IA,Ringgold,7.5919,0.4
KS,Labette,26.9689,4.5
OK,Roger Mills,26.3727,0.6
AL,Montgomery,54.4959,56.3
NM,De Baca,51.4677,0.3
NM,Rio Arriba,43.9907,0.9
TX,Brazos,59.0878,11.3
ND,Golden Valley,9.6534,0.7
AK,Kodiak Island Borough,66.5746,1.3
NE,Seward,8.5413,0.5
GA,Barrow,42.8644,11.6
MA,Franklin,15.5142,1.4
TX,Dallam,53.5203,1.9
GA,Pierce,28.6337,9.3
IN,Hamilton,26.6177,4
TX,San Augustine,47.0432,22.6
OR,Wasco,39.1352,0.6
TX,Coleman,36.1963,2.8
IL,Crawford,15.8066,4.8
WI,Richland,8.9231,0.6
VT,Orange,7.9849,0.6
MN,Grant,7.2121,0.4
MS,Scott,58.712,38.1
CO,Chaffee,25.9286,1.7
MS,Clarke,47.9531,34.4
OK,Garvin,38.6772,2.7
SC,Anderson,36.453,16.5
ID,Lemhi,11.8813,0.4
GA,Glynn,51.2312,26.6
KS,Pawnee,26.2534,4.9
TX,Armstrong,23.1825,1.4
MN,Jackson,12.7857,0.6
MO,Carter,10.4079,0.4
SD,Ziebach,42.7673,0.4
MS,Pontotoc,37.0784,15.2
KS,Washington,9.6468,0.7
OH,Madison,19.2534,6.4
CT,Litchfield,18.1004,1.8
KS,Logan,16.5339,0.9
NC,Edgecombe,52.618,57.7
VA,Gloucester,26.0291,8.5
NC,Wayne,58.6224,32
OH,Portage,17.6332,4.5
IL,Adams,14.0617,3.7
MN,Houston,6.4586,0.6
IA,Adams,5.8873,0.3
VA,Westmoreland,51.55,27.5
KS,Seward,54.2263,4.1
AL,Lawrence,39.6034,11.4
NE,Keith,15.8663,0.5
KY,Marshall,5.6897,0.4
VA,Fluvanna,35.5058,15.5
MT,Ravalli,13.171,0.4
OH,Harrison,9.2884,2.2
TN,Johnson,10.4158,2.3
WA,Clallam,28.9753,1
AR,Logan,16.1109,1.6
NY,St. Lawrence,14.4761,2.5
GA,White,14.4568,2.3
NM,Quay,53.9621,1.7
GA,Webster,53.8615,41.9
NC,Henderson,28.1563,3.3
OK,McIntosh,48.2254,3.2
TX,Loving,34.4414,0
KY,Whitley,7.4198,0.8
WY,Washakie,29.6868,0.8
IN,Howard,24.8465,7.2
MO,Clinton,11.7302,1.6
MO,Sullivan,33.9229,1.4
MO,Dunklin,32.243,10.4
IL,Lawrence,25.927,10
VA,Bristol city,19.3176,5.7
GA,Baldwin,53.9025,41.7
KY,Breckinridge,10.2344,2.2
AL,Elmore,40.8283,21.1
TN,Hawkins,8.7426,1.5
MO,Knox,6.6493,0.5
NV,Lander,44.7005,1
ID,Madison,18.8737,0.6
NY,Genesee,16.9581,3.1
AL,Russell,56.5034,42.3
OR,Jefferson,56.0293,0.8
TN,Marion,14.4153,4
AK,Aleutians West Census Area,76.9346,7.4
TX,Scurry,54.3962,5.2
GA,Wilcox,52.3765,35.7
OH,Clark,27.1108,9
AK,Hoonah-Angoon Census Area,60.6696,0.6
MO,Platte,30.4274,6.4
IL,Mercer,7.3982,0.4
FL,Santa Rosa,30.2848,6.5
FL,Gilchrist,23.1825,5.6
TX,Collin,57.8365,9.4
MT,Mineral,15.7137,0.4
NE,Johnson,32.8323,5.7
ME,York,9.6877,0.7
TX,Rains,24.7261,2.9
PA,Union,27.4271,8
KY,Magoffin,3.9468,0.3
KY,Butler,10.0056,0.6
IA,Worth,8.7137,0.8
AZ,Santa Cruz,29.3747,0.8
IL,Washington,7.2226,0.8
GA,Talbot,51.354,57.3
VA,Orange,34.8652,13
WI,Florence,7.2258,0.4
CA,Inyo,52.3314,0.9
TN,Overton,6.8449,0.6
KY,Powell,6.2677,0.8
NC,Tyrrell,57.6528,36.6
KS,Wilson,13.91,0.5
IA,Monroe,9.097,0.5
KY,Nicholas,7.0237,0.7
WV,Mercer,17.4799,6.3
MO,Adair,14.8385,1.6
WV,Brooke,7.6058,1.4
PA,Pike,31.3703,6.2
VA,Virginia Beach city,54.6513,20
WI,Green,9.8388,0.6
TX,San Saba,47.7309,3.6
KS,Wallace,16.622,0.6
TX,Brewster,53.1015,1.5
CO,Huerfano,49.8412,0.9
ID,Washington,34.0524,0.4
WY,Albany,29.23,2
MT,Fergus,10.6051,0.4
GA,Cobb,60.9575,26.7
MI,Kalamazoo,36.1184,11.2
NY,Nassau,55.1435,12.4
AR,White,20.9204,4.4
TN,Polk,8.168,0.6
IL,Jersey,6.8426,0.6
PA,Columbia,12.0781,2
MO,Barry,22.6629,0.5
KY,Anderson,10.7989,2.1
VA,Henrico,59.1778,30
GA,Lumpkin,17.0891,1.8
WA,Mason,31.6384,1.3
LA,La Salle Parish,29.1793,12.3
VA,Hanover,26.8882,9.6
VA,Madison,26.2304,9.5
MO,Randolph,19.3003,5.8
MN,Blue Earth,18.9117,3.2
AR,Izard,10.9932,1.5
MO,Wright,9.1196,0.6
OH,Mahoning,37.7204,15.9
KY,Rowan,10.2445,1.9
MN,Meeker,9.6229,0.5
NE,Polk,9.6132,0.3
MO,Osage,3.754,0.3
TX,Kent,33.2214,1.2
OK,Ottawa,51.229,1.1
TX,Polk,45.5449,11.4
IN,Daviess,13.277,0.8
MN,Brown,10.3683,0.4
MO,Moniteau,18.9873,3.9
WV,Greenbrier,12.2663,2.8
MO,Camden,10.2263,0.6
OK,Craig,52.6534,3.2
VA,Mecklenburg,51.6253,35.2
WY,Laramie,35.6937,3.6
GA,Lowndes,55.8475,36.8
MT,Deer Lodge,16.9087,0.5
MI,Midland,14.842,1.3
TX,Waller,65.5844,25.8
OR,Coos,25.072,0.5
MI,Crawford,8.555,0.7
ID,Jefferson,22.833,0.4
NY,Yates,8.5454,0.9
ID,Clark,52.4687,0.8
TN,Greene,12.6275,2.2
VA,Fauquier,32.6766,8.2
TX,Mills,32.426,0.9
NC,Cleveland,40.9754,20.7
NC,Gates,49.7768,33.1
LA,Catahoula Parish,46.567,31.8
CA,Alameda,74.0399,12.4
NY,Greene,24.4716,6.3
SC,Marlboro,57.5977,51.2
MN,Waseca,19.6582,2.3
TN,Washington,19.2107,4.3
OH,Seneca,17.4132,2.6
CA,Solano,72.5821,14.9
GA,Long,56.8373,26.1
MA,Berkshire,18.6906,3.1
VA,Lee,13.3087,4
NE,Otoe,17.1069,0.6
ND,Williams,22.9977,1.3
MN,Wadena,9.872,1
FL,Union,44.6389,22.5
CA,San Luis Obispo,46.1168,2.2
MO,Caldwell,9.4845,0.6
OR,Josephine,22.1376,0.5
MO,Wayne,7.9791,0.6
KS,Russell,11.7328,0.9
KS,Decatur,8.7411,0.8
MS,Attala,51.9001,42.2
VA,Charlottesville city,51.2658,19.3
AZ,Navajo,60.5139,1.2
NE,Gosper,12.7579,0.5
MI,Wexford,9.6831,0.5
MD,Garrett,6.0785,1.1
LA,Jackson Parish,45.8114,29.3
KS,Haskell,44.5952,0.8
TN,Hamilton,44.3172,19.9
SD,Clay,20.8574,1.6
IA,Decatur,12.643,1.9
NC,Davidson,32.3943,9.3
AR,Pope,26.4304,3.2
OH,Richland,24.2608,9.2
ND,Pembina,13.1807,0.5
GA,Crawford,40.9886,21.4
OH,Carroll,6.4597,0.6
GA,Laurens,51.6501,36.2
NY,Chenango,9.6768,0.9
GA,Jeff Davis,43.9733,15.5
MO,Franklin,8.7434,1
MS,Tallahatchie,54.594,56.5
FL,Levy,33.9323,9.7
NY,Wayne,17.6206,3.2
KS,Jackson,27.436,0.8
ID,Ada,25.6622,1.3
GA,Toombs,54.5306,25.9
IN,Jasper,15.0144,0.9
UT,Daggett,13.2757,0.4
MO,Harrison,8.1664,0.4
TN,Cheatham,11.8989,1.7
TN,Lawrence,10.7994,1.7
TN,Davidson,58.3618,28.1
NC,Warren,58.1779,51.7
MA,Dukes,20.8044,3.6
WI,Portage,14.8057,0.7
MO,Callaway,17.2754,4.5
MN,Hubbard,12.4418,0.4
OK,Okfuskee,56.0324,7.9
KY,Greenup,7.0389,0.9
MI,Bay,17.4189,1.7
ID,Boise,14.4202,0.4
AL,Calhoun,42.0387,20.9
MO,Texas,16.0525,3.7
NJ,Bergen,58.1402,6.7
ID,Oneida,10.1972,0.3
MT,Carbon,9.8573,0.4
VA,Buchanan,8.5152,2.9
ID,Power,48.4552,1
PA,Schuylkill,14.7659,3.1
WV,Roane,5.3061,0.4
DE,Kent,52.5251,25.1
AL,Pickens,52.0742,40.9
VA,Prince Edward,50.2044,32.8
ND,Grant,8.7292,0.1
GA,Colquitt,58.3928,23.5
KY,Boyd,12.4389,3
CO,Mineral,11.6737,0.3
MS,Wilkinson,42.6977,70
MA,Hampden,50.3566,10.6
MN,Lyon,23.5881,2.4
IN,Montgomery,14.1849,1.1
OH,Knox,8.559,0.9
CO,Costilla,47.6334,1.8
TN,Sumner,25.1719,6.9
SD,Jerauld,13.2059,0.2
OH,Fayette,12.6397,2.4
ME,Aroostook,10.2487,0.8
AZ,Pima,57.6978,4
AL,Clarke,52.1338,44.2
KY,Menifee,9.0852,2.7
SD,Corson,48.2813,0.2
TX,Jim Hogg,14.7644,0.6
AR,Crittenden,53.5179,51.5
IA,Davis,5.4949,0.2
IN,Huntington,8.3575,0.5
VA,Newport News city,61.4894,41.2
LA,West Baton Rouge Parish,52.0215,37.9
NC,Caswell,50.886,33.4
MI,Muskegon,38.1813,14.2
NM,San Juan,64.5004,0.8
FL,Charlotte,26.9019,6.1
TX,Brazoria,63.7752,13.3
TX,Lee,52.2405,11.2
MN,Pennington,16.4305,1.6
VA,Floyd,11.7069,1.9
ID,Jerome,47.8635,0.6
CA,Butte,42.3592,1.8
SD,Clark,7.5803,0.9
PA,Huntingdon,16.2959,5.5
TX,Jackson,53.3163,7.5
UT,Summit,26.0788,0.7
IN,Floyd,20.7276,5.3
ND,Richland,14.0984,0.8
WI,Pepin,6.0722,0.5
MD,Cecil,24.5427,6.5
GA,Wilkinson,52.2181,38.1
VA,Prince William,68.1277,21.4
GA,Stewart,60.1801,50.8
WI,Sauk,15.6354,0.8
MO,Scotland,4.1415,0.1
TX,Hopkins,41.4569,7.4
IL,Brown,40.9032,19.1
KY,Union,29.477,13.2
MI,Schoolcraft,24.5399,0.2
MO,Cape Girardeau,23.4437,7.7
WY,Big Horn,22.6043,1.5
MO,St. Clair,10.6005,0.7
NC,Alleghany,23.1248,1.7
MS,Forrest,53.0621,36.9
TX,Crane,51.2567,3.6
AR,Cleveland,26.6254,11.9
IN,Wabash,9.8671,0.7
IN,LaPorte,33.3887,11.2
NE,McPherson,4.525,0.4
CO,Las Animas,53.8094,1.7
OH,Meigs,5.6914,0.9
NC,Watauga,14.8004,1.9
NC,Catawba,38.6788,8.8
TX,King,34.2505,0
AR,Poinsett,22.2089,7.8
AR,Pulaski,57.2213,35.7
WA,Pacific,29.74,0.9
TX,Stephens,40.5812,2.5
CO,Phillips,36.2141,1
WY,Weston,14.7697,0.6
NE,Boyd,8.3589,0.2
OH,Morrow,7.0297,0.5
IA,Pottawattamie,20.064,1.5
MI,Montcalm,14.9824,2.5
WI,Ozaukee,13.924,1.5
KY,Laurel,7.7974,0.8
MO,Gentry,5.1141,0.5
KY,Owsley,5.1132,0.5
OR,Curry,22.8668,0.4
GA,Worth,45.9178,29.1
OK,Greer,39.1145,7.4
WA,Island,33.1073,2.7
TN,Roane,13.005,2.7
LA,St. Landry Parish,52.2006,41.3
KY,Trigg,21.5354,7.8
MN,Lincoln,6.2594,0.1
MT,Madison,11.1403,0.5
IA,Mills,9.8473,0.5
OH,Coshocton,7.2249,1.2
MS,Panola,52.6081,49.6
TX,Edwards,51.0336,0.8
MD,Talbot,36.0954,13.2
CO,Douglas,28.0311,1.4
AL,Winston,10.7808,0.9
VA,Smyth,10.6026,2.2
DE,New Castle,56.628,24.7
KY,Simpson,26.0188,9.8
CO,Baca,24.1141,1
MO,Shelby,6.6517,0.6
ND,Hettinger,13.9042,0.6
MS,Carroll,47.2853,33.3
VA,Patrick,18.7464,5.9
CO,Clear Creek,16.6932,0.9
AL,Cullman,14.7579,1.4
VA,Greene,26.9911,6.8
GA,Chatham,58.3735,40.2
IA,Palo Alto,8.3606,0.7
IL,Shelby,4.3387,0.4
MI,Baraga,43.3451,7.5
AK,Nome Census Area,42.1728,0.7
MO,Buchanan,27.0005,5.9
OH,Athens,18.5617,2.8
KS,Sumner,17.9222,1.3
GA,Newton,56.0536,42.5
NC,Anson,55.6216,48.5
GA,Chattooga,29.9333,10.4
NE,Banner,10.8764,0.1
AR,Boone,10.6016,0.4
WV,Barbour,7.4172,0.9
TX,Throckmorton,24.417,0.9
GA,Columbia,45.9782,16.5
CO,Park,17.7024,0.5
MO,Lewis,13.712,3.4
PA,Butler,8.9349,1.2
OH,Hardin,8.74,1
OR,Klamath,34.5935,0.8
VA,Franklin,23.0233,8.2
KY,Bullitt,9.1206,1
TX,Hidalgo,16.6345,0.8
OH,Marion,20.1324,6.3
OR,Clackamas,29.1752,1
OH,Clermont,10.8058,1.4
TX,Van Zandt,27.1318,3
KS,Allen,16.5955,2.2
AR,Johnson,31.7055,2.1
WA,San Juan,19.2974,0.6
MN,Stevens,17.8444,1.3
LA,Acadia Parish,35.5956,18.3
KY,Marion,24.1699,8.6
PA,Somerset,9.4635,2.7
KY,Clinton,9.2685,0.5
CO,Ouray,14.1661,0.2
UT,Emery,16.0412,0.4
MI,Livingston,9.8613,0.6
GA,Calhoun,51.002,61.4
IN,Kosciusko,20.1435,1
MA,Suffolk,66.0503,24.5
NM,Curry,58.0366,6.9
LA,Plaquemines Parish,50.6809,20.2
PA,Lackawanna,21.6958,3.1
IL,Ogle,21.5075,1.1
NC,Perquimans,42.8922,24.6
IN,Union,7.4164,0.6
MI,Leelanau,17.2389,0.4
MN,Crow Wing,8.7448,0.6
GA,Gilmer,22.9831,0.9
TN,Henry,22.6886,8.2
NC,Swain,50.9809,1.1
TX,Culberson,40.9028,1.1
AL,Bibb,39.41,22.1
TN,Hardin,14.6075,3.7
OK,Bryan,44.2237,1.8
MS,Jones,48.8874,29.2
SD,McCook,9.8241,0.5
WV,Kanawha,21.7397,7.6
OH,Jackson,7.4186,0.7
TX,Kendall,38.6932,1
TX,Childress,55.8921,10.2
OK,Okmulgee,55.2011,8.7
NC,Guilford,59.7774,33.8
NV,Storey,27.5323,1.7
MN,Nicollet,17.2835,2.3
WV,Webster,4.5308,0.4
TX,San Patricio,52.578,2.1
VA,Northumberland,44.3375,25
KY,Boyle,24.2834,7.6
VA,Botetourt,12.6151,3.3
DC,District of Columbia,61.4376,49.5
GA,Paulding,41.1326,17.8
AL,Macon,30.9447,81.5
MN,St. Louis,15.5697,1.5
IA,Benton,5.8812,0.5
WI,Juneau,15.178,2.4
WV,Berkeley,26.4588,7.4
AL,Pike,53.6147,36.8
CT,Hartford,53.4966,15
TN,Madison,53.4441,37.3
OR,Malheur,50.5367,1.4
TX,Lubbock,57.0089,7.8
LA,St. Helena Parish,52.163,53
SD,Gregory,21.0434,0.4
MI,Shiawassee,10.4099,0.6
MI,Cheboygan,14.6185,0.6
NM,McKinley,38.1879,0.9
AK,Matanuska-Susitna Borough,33.1951,1.3
IA,Dubuque,14.6515,2.8
WI,Door,10.4069,0.6
TN,Cocke,12.0892,2
VA,Craig,4.334,0.2
CO,Bent,54.7807,6.8
NY,Rockland,54.2071,12.9
WA,Ferry,41.7565,0.6
AL,Lowndes,40.1937,73.1
IL,Wabash,7.9857,0.8
OH,Delaware,23.1542,3.5
TX,Comanche,41.8065,0.9
MA,Essex,41.1591,6
CA,Lassen,51.4288,8.5
LA,Richland Parish,49.9691,35.9
IA,Clinton,15.6975,3.1
PA,Fayette,14.1828,4.7
WI,Wood,12.8244,0.7
IA,Boone,9.6709,1
TN,Dickson,18.3236,4.3
WI,Manitowoc,15.5103,0.7
IA,Osceola,15.1092,0.4
IA,Kossuth,7.4022,0.6
SC,Lee,48.7133,63.2
OK,Osage,54.7996,11.5
MN,Becker,23.9118,0.6
WV,Marion,13.1534,3.6
KY,Muhlenberg,14.5246,5
GA,Meriwether,52.0496,39.1
MT,Sheridan,12.2729,0.4
NY,Schoharie,12.0693,1.4
IA,Keokuk,6.2612,0.6
CT,Fairfield,53.1964,12
WV,Nicholas,5.1153,0.3
CA,Tehama,44.9472,0.9
NE,Hall,44.4213,2.5
NJ,Ocean,26.4588,3.5
MT,Hill,44.6804,0.5
IN,Clay,6.463,0.6
OH,Preble,6.273,0.6
RI,Kent,17.9978,1.8
TN,Fayette,45.8204,27.8
AR,Arkansas,44.4622,24.8
SD,Sanborn,8.5327,0.3
MN,Red Lake,13.3397,0.7
LA,Concordia Parish,51.051,40.4
CO,Rio Blanco,28.3425,1
TN,Obion,28.1033,10.9
MT,Garfield,4.5305,0.2
WV,Wetzel,4.337,0.4
NY,Allegany,9.6853,1.3
MN,Pipestone,16.7245,1.2
GA,Banks,21.0037,2.8
KY,Webster,20.1917,4.3
MT,McCone,7.6101,0.6
MT,Teton,10.0445,0.1
NE,Custer,9.0853,0.5
UT,Carbon,28.7184,0.7
CO,Grand,20.1142,0.5
ID,Idaho,15.508,0.3
FL,Broward,67.8237,28.5
OK,Caddo,57.7476,3
NM,Grant,53.3092,1.2
PA,Clinton,9.1179,1.8
IN,Johnson,16.6047,1.7
MT,Custer,12.9916,0.5
NC,Beaufort,49.5151,25.4
AR,Phillips,49.0589,62
CA,Yolo,64.2001,3
CA,Fresno,61.8892,5.9
MS,Covington,49.5025,35.7
KS,Mitchell,7.9743,0.3
MO,Clark,5.4976,0.3
TX,Dawson,55.3319,7.1
IL,De Witt,9.293,0.8
SD,Moody,34.4864,1
KY,Washington,21.4784,6.3
NC,McDowell,21.3538,4.1
OK,Jackson,52.8564,8
NY,Cortland,13.3718,1.8
KS,Wabaunsee,12.7857,0.8
IA,Ida,7.0293,0.4
FL,Suwannee,40.3443,13.4
FL,Brevard,39.5788,10.6
ME,Kennebec,9.3086,0.6
IN,Vermillion,5.4973,0.3
GA,Butts,46.4117,27.9
MO,Miller,9.4969,0.6
SD,Hutchinson,8.9245,0.7
CA,Siskiyou,37.3131,1.5
GA,Schley,42.736,21.9
GA,Clarke,59.1439,27.3
ND,McIntosh,7.7914,0.3
NM,Torrance,54.178,2.1
NC,Columbus,53.7243,30.5
CO,Morgan,51.0019,3.1
GA,Atkinson,58.8653,17.9
TX,Nacogdoches,56.654,18.4
AK,Lake and Peninsula Borough,52.1401,0.8
GA,Dawson,13.3064,0.8
GA,Mitchell,55.3171,47.9
KS,Jewell,8.5308,0.3
IA,Madison,6.4584,0.5
NJ,Burlington,47.9367,17.5
MS,Franklin,48.0677,35.5
NE,Howard,7.9646,0.3
TN,Henderson,22.2199,7.8
CA,Kern,59.6651,6.3
NJ,Camden,58.2783,21
AR,Miller,44.9569,24.6
TX,Grayson,38.2844,6.1
NM,Eddy,53.6931,1.9
KS,Rice,27.1228,1.7
OK,Alfalfa,27.1199,4.2
OH,Shelby,12.6541,2.2
PA,Clearfield,12.4158,2.8
IN,Steuben,10.7566,0.8
PA,Blair,9.3045,1.8
NE,Logan,9.1133,0.4
TX,Johnson,40.1421,3.1
NE,Nemaha,10.6037,1.1
WI,Sawyer,36.7073,0.6
NV,Churchill,42.0549,2.1
VA,Chesterfield,53.1245,23.2
AL,Chambers,51.7068,39.1
MN,Kittson,7.3928,0.3
GA,Lincoln,47.1384,31.5
MS,Washington,42.1677,71.3
TX,Denton,55.8831,9.4
IA,Plymouth,10.7461,0.5
SD,Tripp,30.2784,0.3
NC,Surry,27.2606,4.1
MS,Lowndes,52.9928,43.8
NE,Douglas,46.1351,11.6
OR,Benton,31.1324,1.1
CO,Garfield,44.6238,1.2
KY,Bath,8.1714,1.4
IL,Stark,6.844,0.6
KY,Carter,6.2689,0.7
WY,Teton,32.523,1.5
IA,Calhoun,9.8625,1.8
VA,Caroline,50.9671,28.4
IL,Cass,37.4173,4.4
KY,Martin,20.3838,6.9
TN,McNairy,18.0295,6.1
WY,Sublette,21.8882,1.4
OR,Deschutes,21.7084,0.5
IA,Fremont,8.9001,0.6
IA,Sac,7.9542,0.3
NC,Orange,48.1789,12.2
ND,Sheridan,8.9237,0.3
GA,Taylor,51.2362,38.2
TN,Franklin,19.8731,5.2
TX,Wise,35.324,1.5
NC,Hoke,68.6301,34.1
PA,Lycoming,16.3588,4.7
NY,Herkimer,9.4852,1.3
OK,Kiowa,40.9428,4.5
VA,Colonial Heights city,38.3305,13
AZ,Apache,41.8588,0.7
OH,Guernsey,9.4932,1.5
KS,Kiowa,16.8566,0.8
AL,Mobile,53.5304,35.3
NY,Seneca,19.4971,5.2
SD,Hand,5.6904,0.1
AL,Colbert,35.1218,16.4
OR,Lake,25.4379,0.5
KY,Logan,21.1107,6.8
NC,Rockingham,42.7547,18.9
AR,Jefferson,52.6248,55.6
TX,Coke,38.1524,1.1
AK,Kenai Peninsula Borough,32.394,0.9
MO,Schuyler,4.5309,0.2
CA,Del Norte,55.2126,3.7
OH,Logan,11.5422,1.8
SD,Jones,19.4479,0.7
FL,Nassau,23.3596,6.5
GA,Monroe,42.165,23.1
WA,Lewis,26.891,0.8
KY,Leslie,3.5581,0.4
GA,Richmond,55.6878,55.2
IA,Webster,20.0522,4.1
CO,Kiowa,14.9703,0.6
PA,Clarion,6.4641,1
KY,Hickman,22.2017,9.2
KY,Clark,17.9174,5.1
IN,Warrick,12.2895,1.4
ND,Oliver,11.3364,0.3
MS,Winston,52.7666,45.7
NY,Cattaraugus,16.6185,1.4
PA,Susquehanna,6.6452,0.5
CO,Cheyenne,26.2285,0.6
AR,Nevada,49.2333,30.7
HI,Maui,74.0757,0.8
NY,Washington,13.5139,3.3
CO,Rio Grande,52.1253,0.6
KY,Lincoln,10.5966,2.4
ME,Sagadahoc,9.6842,0.8
SD,Hamlin,9.4472,0.5
VA,James City,39.4935,13.7
CO,Routt,17.9369,0.5
IL,Livingston,21.1734,5.4
MO,Monroe,11.5288,2.8
TX,Hill,43.8718,7
WY,Sheridan,16.2154,1.2
NC,Brunswick,32.3555,11.3
VA,Richmond city,58.3002,50.1
SD,Jackson,54.9787,0.7
ND,Stutsman,12.1035,1.1
MO,Bollinger,6.4642,0.4
WI,Ashland,28.8816,0.5
KS,Sedgwick,49.0071,9.5
VA,Albemarle,37.9061,9.8
AL,Limestone,37.4819,13.2
WV,Tyler,3.9485,0.3
IL,Williamson,17.1118,4.2
OH,Huron,16.4356,1.3
AR,Lafayette,50.425,37.1
IL,Jefferson,24.1409,8.8
TN,Weakley,23.2338,8
TX,Uvalde,43.1513,1.2
ND,Renville,8.92,0.5
ME,Knox,7.8006,0.6
ND,Sargent,10.4182,0.5
AZ,Greenlee,54.8693,1.5
PA,Elk,4.5325,0.4
AR,Hot Spring,29.8168,11.5
VA,Rockbridge,12.6433,2.7
MO,Jackson,53.569,24
WI,Clark,11.8336,0.4
OH,Tuscarawas,9.107,0.8
ND,Griggs,3.9496,0.3
IL,Perry,24.799,8.8
CO,La Plata,34.5799,0.5
KS,Wyandotte,67.8912,25.1
IN,Madison,25.3268,8.5
AL,Monroe,53.0753,41.3
NC,Franklin,51.6495,26.9
IA,Butler,5.3053,0.4
GA,Upson,45.9482,27.8
TN,Perry,13.3735,2.2
AL,Coffee,45.2732,17.5
GA,Taliaferro,52.487,58.6
WI,Shawano,23.0244,0.4
WV,Pleasants,7.029,1.5
MO,Mercer,6.076,0.2
PA,Montgomery,38.0006,9.3
MO,Ray,11.1678,1.4
IN,Spencer,9.0837,0.8
TX,Navarro,57.5335,14
MI,Gladwin,6.8445,0.4
MS,Choctaw,45.7591,30.3
NY,Richmond,54.7813,11.8
CA,Tulare,51.2942,2.2
GA,Bacon,40.8091,16.3
VA,Shenandoah,19.7552,2.2
WA,Klickitat,30.668,0.5
KS,Dickinson,15.6449,1.1
MS,Yalobusha,50.4723,38
TX,Gray,49.0496,5.3
AR,Drew,46.9828,28.1
IL,Rock Island,42.3906,9.6
MA,Hampshire,26.591,2.9
CA,Sutter,64.7059,2.4
KY,Wayne,11.6944,1.8
OH,Brown,6.2697,0.9
GA,Putnam,49.7584,27.2
NC,Pamlico,40.9697,20.3
IA,Hardin,13.1367,1.4
NY,Orleans,23.8283,6.4
OH,Fulton,18.4907,0.6
ND,LaMoure,4.5328,0.3
PA,Adams,18.5165,1.9
VA,Grayson,11.878,2.2
VT,Caledonia,8.9381,0.7
CA,Kings,59.646,7.4
TN,Sequatchie,10.9298,0.7
IA,Buena Vista,52.4584,2.7
MT,Missoula,18.5555,0.6
TX,Haskell,46.1653,4.5
OK,Love,43.9377,2.1
WI,Vernon,6.6452,0.4
MS,Madison,54.0075,38.5
MI,Lake,26.4193,9.2
KS,Lyon,43.1593,2.8
TN,Unicoi,11.4507,0.4
MN,Lake of the Woods,10.425,0.3
GA,Montgomery,48.2282,26.4
IL,Champaign,48.1917,12.8
NE,Lincoln,20.1105,0.9
TX,Midland,57.5881,6.8
IA,Jackson,7.8039,0.6
IL,Wayne,6.6529,0.5
PA,Tioga,7.4172,0.9
KS,Norton,19.1649,3
NE,Cheyenne,18.7133,0.4
GA,Henry,58.9671,39.6
VA,Portsmouth city,55.3946,53.5
TX,Medina,53.763,2.9
MI,Sanilac,11.1069,0.5
MN,Aitkin,10.7822,0.4
KY,Fayette,44.4007,14.9
TN,Houston,14.4454,3
CO,Larimer,28.4661,1
CT,Windham,27.5195,2.8
TN,Benton,12.8248,2.4
SD,Sully,12.8163,1.3
CO,Montezuma,42.2692,0.4
OH,Henry,17.1841,0.7
OK,Comanche,61.2108,17.6
MN,Koochiching,12.2712,0.7
MN,Wilkin,10.2302,0.3
VA,Covington city,32.6161,12.7
FL,Okeechobee,52.1031,8.9
GA,McIntosh,50.0647,34.9
GA,Murray,27.9949,1.3
ND,McHenry,9.4728,0.4
TX,Erath,38.0883,1.6
GA,Cherokee,33.8539,6.4
TX,Fayette,42.817,6.8
OH,Paulding,13.2704,1.1
IL,Whiteside,26.0087,1.6
NC,Ashe,13.7937,1
AL,Geneva,27.8204,9.8
TX,Jim Wells,33.402,0.9
IN,Hancock,12.2786,2.2
KY,Spencer,10.6116,1.7
WV,Mingo,7.406,1.9
IA,Grundy,5.1112,0.4
NV,Carson City,46.8465,2.3
MI,Kalkaska,9.6806,0.5
GA,Echols,51.2089,5.3
FL,Martin,35.5081,5.9
MO,Ste. Genevieve,6.4663,0.7
AL,Lamar,25.2158,11.4
IA,Story,25.0718,2.7
MT,Sanders,18.3062,0.3
TN,Blount,15.8881,2.9
TX,Bee,55.3516,8.5
GA,Lee,41.5404,20.4
TX,Zapata,12.2362,0.5
NM,Harding,51.0923,0.4
VT,Addison,12.0942,1
GA,Pike,24.8532,10.7
IA,Jasper,9.868,1.7
GA,Towns,9.4772,1.1
MI,Clare,9.3053,0.6
NY,Lewis,7.7944,0.9
ID,Lincoln,44.6872,0.5
MS,Simpson,49.3429,35.6
AL,Bullock,45.5794,69.9
AR,Bradley,58.0794,27.4
MN,Martin,11.2892,0.5
MN,Lac qui Parle,7.7857,0.4
SD,Faulk,5.1117,0.4
MI,Lapeer,14.3934,1.2
OK,Texas,56.384,3.3
SD,Brown,18.5932,1.4
AR,Sharp,11.3557,0.8
VT,Washington,10.6119,0.9
TN,Jackson,7.5995,0.5
MS,Jackson,47.4727,22
OR,Multnomah,46.3244,5.7
ND,Logan,5.1141,0.2
GA,Pulaski,50.2412,31.5
MO,Nodaway,13.1887,2.7
MI,Benzie,11.3538,0.6
AR,Stone,9.1157,0.3
WI,Sheboygan,25.0708,1.7
NC,Wilkes,21.142,4.4
GA,Forsyth,37.8991,3.3
FL,Baker,30.7153,13.4
KS,Sherman,26.9846,1
MI,Charlevoix,10.6074,0.4
TX,Starr,8.2592,0.4
IN,Orange,8.1754,1.2
TN,Grundy,6.6537,0.5
ID,Franklin,16.1534,0.3
UT,San Juan,55.9965,0.4
LA,St. Mary Parish,56.6763,32.7
GA,Warren,49.4816,60.3
MS,Lincoln,45.6623,30.7
KY,Johnson,4.5338,0.4
VA,Fairfax city,58.0696,5.5
AL,Cleburne,14.0602,3.6
MO,Washington,10.4208,2.3
TX,Delta,32.7473,7.5
MI,Mecosta,15.903,3
MN,Ramsey,53.8819,11.6
LA,Iberville Parish,53.1761,48.7
FL,Marion,44.0316,13.1
MT,Powell,17.7987,1.1
WI,Langlade,9.8635,0.7
MA,Middlesex,41.0254,5.4
OH,Lorain,34.8259,8.8
CO,San Juan,31.0685,0
MT,Flathead,12.8123,0.3
MS,Tishomingo,12.7893,2.9
MS,Wayne,50.2262,38.8
WY,Fremont,45.4651,0.9
OH,Geauga,8.174,1.4
MT,Silver Bow,16.0227,0.4
NV,Nye,37.4067,2.6
TX,Oldham,35.5049,3.7
MO,Chariton,8.533,2.4
IL,Clinton,15.6679,3.7
CA,Sierra,24.407,0.4
SD,Dewey,41.609,0.2
TX,Frio,36.3501,3.9
GA,Evans,56.8559,30.9
WV,Summers,15.9647,5.1
IL,Moultrie,5.3062,0.4
VA,Suffolk city,56.2004,43
VA,Nelson,31.4997,12.6
VT,Bennington,9.4951,1
TX,Madison,59.16,20.3
MO,Linn,8.1624,0.8
NC,Scotland,63.2352,39.1
MT,Stillwater,12.0521,0.3
MS,Holmes,28.7661,82.9
CO,San Miguel,22.677,0.6
IA,Lyon,7.1953,0.2
IA,Chickasaw,7.2058,0.6
OK,Cherokee,62.1119,1.5
KS,Rawlins,11.9786,0.4
SC,Kershaw,45.8886,25.1
NY,Columbia,23.1089,5
MS,Hinds,43.4097,70.3
HI,Honolulu,71.441,3
MO,Macon,11.5321,2.4
TX,Comal,44.7469,2.1
GA,Polk,44.3599,13
TX,Shackelford,24.3114,1.3
MN,Mahnomen,58.5015,0.3
NC,Lee,58.2159,20
VA,Alexandria city,64.1095,22.4
NE,Harlan,6.4471,0.1
FL,Indian River,38.8965,9.3
FL,Hernando,33.1253,5.5
OR,Hood River,48.4716,0.7
KY,Woodford,25.1051,5.4
VA,Roanoke city,53.6736,28.8
SD,Potter,8.7393,0.4
GA,Wayne,44.6628,20.5
GA,Jasper,43.0705,22.1
NC,Transylvania,17.8003,4.1
NJ,Cape May,25.2559,5
TN,Hardeman,52.0993,41.7
AR,Union,51.2687,32.6
OR,Tillamook,25.8441,0.5
IA,Emmet,22.0799,0.9
OH,Columbiana,10.6021,2.4
VA,Fairfax,64.9676,9.9
NC,Sampson,61.7255,27.1
MS,Smith,38.9503,23.5
GA,Walton,37.9201,16.6
AR,Carroll,31.5694,0.7
WY,Carbon,35.7664,1.6
IL,Vermilion,34.7296,13.4
PA,Lawrence,13.854,4.1
GA,Troup,53.4138,34.9
MS,Kemper,51.2829,60.5
VT,Franklin,10.6123,0.6
SC,Richland,58.0247,46.8
KY,Garrard,10.9624,2.2
MI,Cass,23.8134,5.4
NM,Roosevelt,54.0543,2.4
OK,Noble,30.8449,1.8
AL,Marshall,30.0119,2.3
IL,Warren,25.1369,2.2
IL,Johnson,22.7945,8.4
KS,Jefferson,11.1582,0.7
GA,Marion,54.2337,32
FL,Duval,59.1257,30
ID,Owyhee,45.6673,0.9
AL,Conecuh,52.5778,46
TX,Rusk,52.2781,17.6
AZ,Graham,60.7962,2
CA,Stanislaus,60.11,3.2
IL,Coles,16.3973,4
OH,Putnam,13.1644,0.5
MO,Perry,8.3523,0.5
MI,Alcona,7.0326,0.3
CA,Riverside,62.4784,7
MS,Adams,56.5573,53.3
LA,Beauregard Parish,34.8191,13.3
ND,Towner,12.5884,0.1
IN,Decatur,8.5503,0.5
WI,Milwaukee,61.9602,27.1
NJ,Union,66.9656,23.4
ND,Mountrail,49.8383,0.6
AR,Chicot,54.3411,54.7
AK,Juneau City and Borough,53.3985,1.5
NC,Craven,50.1585,21.8
IL,Sangamon,31.6292,12.2
GA,Jackson,30.098,7.1
KS,Cloud,11.6836,0.8
TX,Houston,53.9116,26.1
NM,Union,53.4597,2
TX,Lipscomb,47.6363,1.8
OR,Sherman,18.6294,0.3
KS,Reno,26.3159,3.3
AK,Wrangell City and Borough,45.9282,0.4
TX,Tyler,35.039,11.6
TX,Terrell,55.917,1.2
KY,Oldham,20.594,4.4
LA,Tensas Parish,52.0317,54.8
OK,Blaine,41.2397,3.2
WV,Raleigh,22.3572,8.2
UT,Kane,15.1274,0.4
KY,Fleming,7.4067,1.6
GA,Telfair,59.79,36.2
MN,Swift,12.5556,0.7
MO,Howell,9.8676,0.5
LA,St. Martin Parish,48.4996,30.7
ID,Clearwater,16.2466,0.4
IN,Tipton,8.3417,0.4
MN,Yellow Medicine,17.5977,0.4
VT,Windham,11.912,1.2
NM,San Miguel,36.7848,1.7
IN,Tippecanoe,36.4027,4.7
NE,Webster,14.1781,0.5
ND,Dunn,27.1839,0.6
MT,Jefferson,12.821,0.4
NY,Warren,10.6127,1.1
LA,Livingston Parish,20.6585,6
OH,Licking,15.5178,3.7
MN,Itasca,14.5929,0.4
ND,McKenzie,37.3199,0.7
GA,Wilkes,54.545,42.6
WV,Taylor,7.2304,1
AL,Covington,28.7773,12.7
NY,Niagara,24.2081,7
GA,Hart,39.2314,18.6
WI,Kenosha,38.2821,7.2
MD,Worcester,33.9116,13.9
VA,Dinwiddie,49.819,32.6
TX,Lamar,40.8744,13.5
WI,Oconto,8.5481,0.3
NE,Pawnee,8.5379,0.4
NC,Forsyth,57.3836,27.1
NC,Johnston,47.7976,15.9
KS,Gray,28.4304,0.8
TX,Wichita,50.3696,10.7
MI,Wayne,58.8653,39.6
SC,Sumter,56.0046,47.1
CA,Trinity,30.0837,0.6
AL,Escambia,52.5935,32.2
KS,Doniphan,18.5535,3.5
WV,Doddridge,7.7941,1.6
MS,Monroe,45.3225,30.6
AL,Madison,50.4851,24.5
TX,Gillespie,36.3,0.6
TX,Zavala,13.2587,1.2
OH,Pickaway,12.9649,3.7
MN,Cass,27.4425,0.3
IN,Noble,21.7368,0.7
OK,Harmon,55.1609,8
KS,Gove,7.5859,0.5
NC,Rutherford,28.4228,10
IN,Jackson,18.0297,1
IA,Mitchell,5.1106,0.5
WA,Okanogan,50.248,0.8
AZ,Mohave,35.9677,1.3
OH,Warren,21.9735,3.5
NE,Hooker,6.832,0
KY,Breathitt,4.9227,0.5
MS,Amite,50.5187,41.2
VA,King William,38.7107,17.6
NE,Clay,18.3007,0.7
KY,McCreary,18.7594,5.8
IN,Scott,7.0289,0.4
CA,Yuba,59.0487,3.9
SC,Laurens,46.3094,25.9
LA,Morehouse Parish,52.3222,47.8
CO,Moffat,29.7211,0.5
NE,Kimball,21.4581,0.2
TN,Claiborne,7.9909,1.1
KY,Warren,33.4798,9.2
IL,Pulaski,49.0321,32.7
MO,Laclede,11.5438,0.8
TX,Cameron,20.6384,0.8
KY,Larue,15.5115,3.1
NY,Bronx,49.9601,43.3
SC,Greenville,47.4382,18.5
KY,Campbell,13.5453,2.9
AZ,La Paz,54.2742,1
MN,Dakota,33.2227,5.4
NE,Madison,31.1459,1.7
KY,Montgomery,13.333,3
OR,Gilliam,19.094,0.2
FL,Collier,50.557,7.1
PA,Erie,25.4506,7.5
IL,Madison,25.0803,8.1
GA,Treutlen,48.7881,32.7
MA,Norfolk,36.4996,6.7
TX,Tarrant,64.4473,15.9
VA,Fredericksburg city,57.1987,24.1
ND,Mercer,11.3379,0.4
TX,Liberty,49.331,10.9
OK,Coal,45.7798,0.8
TX,Pecos,46.9302,4.3
OK,Murray,42.533,1.8
NE,Colfax,51.8483,2.6
IN,Cass,30.3256,2
TN,Smith,12.9933,2.2
MO,Shannon,11.1537,0.3
WI,Chippewa,10.9977,1.5
IA,Mahaska,10.4335,1.2
WI,Lafayette,9.9823,0.4
IA,Guthrie,7.4,0.3
MI,Keweenaw,4.3287,0.2
TX,Calhoun,57.5457,3
KS,Elk,14.7706,0.1
SC,Dorchester,50.6692,26
NY,Suffolk,46.8776,8.2
ID,Caribou,14.6771,0.3
CO,Pitkin,24.1631,0.8
WI,Barron,11.3589,1.1
OK,Latimer,49.012,1.2
TN,Sullivan,11.7227,2.3
MO,Carroll,10.6143,2.1
NE,Dodge,24.4645,1.1
TX,Harris,68.2123,19.5
AL,Perry,45.099,67.6
TX,Limestone,55.9616,18
PA,Sullivan,11.5157,2.9
KS,Ellsworth,24.5588,5
SC,Williamsburg,47.3051,65.5
IN,White,18.0206,0.8
GA,Brantley,13.7111,3.3
AR,Ouachita,52.6027,40.1
SC,Bamberg,49.5821,61.4
FL,Bay,37.1522,11.2
SD,Stanley,23.3463,0.8
VA,Roanoke,23.2838,5.6
KS,Bourbon,16.7877,3.2
TX,Lampasas,42.0595,4
VA,Petersburg city,36.6982,77.8
TX,Upshur,32.8709,8.7
MI,Ottawa,27.0814,1.8
IN,Ripley,7.2214,0.4
MN,Norman,18.3028,0.5
NE,Sarpy,30.4569,4.4
IL,McDonough,21.7601,5.5
MI,Houghton,13.1946,0.9
TX,Briscoe,44.8628,2.6
NH,Strafford,15,1.2
OR,Umatilla,47.1531,1
AL,Crenshaw,44.5408,24.1
IA,O'Brien,11.8326,0.9
NC,Randolph,33.7266,6.3
UT,Sevier,14.5369,0.3
TX,DeWitt,56.1553,9.6
MO,Webster,9.864,1.1
MO,Ripley,8.5577,0.5
KS,Woodson,11.8745,0.4
TN,Carroll,26.6898,10.7
ND,Morton,16.2179,0.8
IN,Hendricks,23.9477,5.8
VT,Orleans,8.3652,0.8
KS,Lincoln,9.2922,0.3
IN,Harrison,7.6008,0.6
WA,Pierce,49.9671,7.3
AL,DeKalb,32.7182,2
NC,Duplin,61.4029,25.9
TX,Smith,55.8215,17.9
AR,Crawford,25.7511,1.5
WA,Thurston,39.1913,3.3
TX,Sterling,51.0528,1.4
AL,Randolph,39.737,20.1
TN,Gibson,36.4387,18.5
MS,Perry,35.8358,19.8
VA,Campbell,32.5602,14.4
IN,Sullivan,14.7337,4.6
NJ,Sussex,22.1418,2.1
KY,Pike,5.3083,0.7
NC,Durham,65.1831,38.7
TX,Concho,52.0625,2.5
DE,Sussex,41.0139,12.9
NE,Dixon,23.6175,0.6
OH,Williams,12.5789,1.1
KY,Barren,16.9107,4.1
TX,Cass,38.3902,17.4
ND,Billings,6.643,0.3
GA,Haralson,15.8223,4.8
SD,Aurora,14.7695,0.4
NM,Bernalillo,59.1041,3.4
OK,McCurtain,54.7169,8.7
MS,Yazoo,53.656,57.2
OK,Pottawatomie,43.3827,3.1
VA,Norfolk city,61.266,42.8
IA,Fayette,10.2373,1.2
WI,Crawford,8.5454,2
KY,Robertson,4.7203,0.3
SC,Oconee,26.541,7.8
GA,Wheeler,53.3755,38.3
PA,Mifflin,6.6509,0.7
CO,Gilpin,20.6903,1.1
LA,Lincoln Parish,54.6476,41.4
GA,Fulton,62.6907,44.4
TX,Gregg,57.2375,20.3
CA,Monterey,56.9329,3.6
AL,St. Clair,24.7528,9.3
MI,Washtenaw,46.3465,12.9
FL,Pasco,36.786,5.3
SD,Yankton,18.0246,2.1
NE,Burt,11.879,0.5
OH,Van Wert,10.0255,1
KY,Carroll,20.7804,2
IA,Des Moines,21.2082,5.7
OK,Grady,31.0587,2.5
KS,Coffey,11.3537,0.8
TN,Cumberland,9.6593,0.6
OH,Wyandot,8.713,0.4
LA,Bossier Parish,48.1481,21.4
FL,Columbia,42.5468,18.4
NC,Caldwell,21.6792,5.1
IL,Menard,7.7996,1.1
IA,Bremer,7.7953,1
VA,Middlesex,36.1586,18
IN,Benton,13.7566,0.9
MS,Marshall,54.0785,47.4
KY,Henderson,22.5372,8
NY,Madison,12.2844,1.9
KY,Cumberland,10.3969,2.9
MI,Ontonagon,8.1702,0.2
KS,Lane,16.6201,0.8
AL,Hale,50.2985,57.9
PA,York,26.5591,6.3
TX,Ellis,51.8114,9.4
SC,Chester,51.3695,37.1
MS,Quitman,43.6648,69.5
NM,Los Alamos,41.5755,0.7
NC,Pitt,55.5853,34.6
GA,Emanuel,52.2544,34.1
VA,King George,41.6549,17.3
NH,Hillsborough,24.2641,2.6
MO,Newton,23.8768,1
NE,Valley,7.3968,0.3
NY,Kings,69.2349,35.4
CA,San Mateo,69.1029,3
LA,Vermilion Parish,35.8659,14.8
GA,Effingham,33.5964,13.9
WI,Oneida,8.7433,0.5
MS,Jefferson,25.3304,85.3
TX,Burnet,39.6877,2.2
WI,Adams,17.4593,3.2
NE,York,14.7623,1.5
OR,Wallowa,11.8863,0.5
OH,Trumbull,22.3037,8.5
FL,Pinellas,40.487,10.8
WV,Wood,8.5603,1.2
PA,Beaver,18.3684,6.3
CO,Otero,52.206,1.2
TX,Hansford,51.4744,0.9
IN,Brown,7.6017,0.6
MN,Rice,27.4471,3.8
IA,Jefferson,26.1725,1.7
IA,Linn,21.3146,4.3
TX,Taylor,50.6541,7.8
MN,Dodge,13.2677,0.6
AK,Anchorage Municipality,60.1515,6.3
NE,Boone,6.2653,0.4
WV,McDowell,19.9457,9.1
WV,Cabell,18.1255,5.1
GA,Turner,53.7973,39.7
KS,Geary,59.5468,18.7
VA,Surry,53.4312,44.7
TX,Sabine,24.0993,7.5
CT,New London,39.3122,6.8
TN,Rutherford,42.3247,13.5
TX,Karnes,57.6124,9.3
PA,Venango,7.7985,1.2
KS,Comanche,13.2799,0.5
ID,Camas,22.0816,0.5
CO,Arapahoe,55.6092,10.8
IL,Douglas,16.8502,0.6
NY,Livingston,16.2386,2.8
MN,Wabasha,9.269,0.6
ID,Elmore,41.7374,3
IL,Woodford,7.9833,0.6
TX,Jasper,40.5884,16.5
MD,Kent,35.8706,15.1
MO,St. Francois,14.5606,4.6
CO,Jackson,23.9856,0.1
MI,Allegan,20.2402,1.4
MN,Steele,22.1187,2.7
OH,Pike,8.3623,1
OH,Adams,6.2672,0.5
VA,Hampton city,58.4464,49.7
TX,Refugio,56.8622,6.8
ME,Waldo,7.4163,0.5
NH,Cheshire,10.0584,0.7
WI,Price,8.7483,0.5
CA,Shasta,32.551,1
NC,Stanly,31.7877,11.2
KY,Scott,22.9025,5.7
WY,Johnson,15.8423,1
SD,Union,14.2792,1.3
AZ,Maricopa,57.1908,5.7
VA,Williamsburg city,47.9026,15.3
TN,Bradley,23.0552,4.7
GA,Dodge,48.0133,29.9
IL,DeKalb,36.7977,7.1
NC,Robeson,70.4067,24.7
FL,Orange,67.1218,22
WY,Niobrara,13.3584,1
OH,Gallia,11.7129,2.6
VA,Tazewell,11.6891,3.4
NY,Essex,14.2482,3
SC,Chesterfield,51.3794,32.4
NC,Wake,56.412,21.4
FL,Lee,46.7708,9
AR,Little River,41.8863,19.8
MT,Blaine,53.1525,0.2
WI,Waupaca,9.6558,0.4
MI,Branch,16.2028,2.1
LA,Red River Parish,50.6965,39.4
SC,Beaufort,50.1455,19.3
NE,Arthur,13.1888,0.2
TX,Hale,53.3668,5.9
TX,Carson,23.3621,0.8
IL,Effingham,6.6426,0.4
CO,Archuleta,36.4597,0.4
ND,Burleigh,16.2242,1
ID,Custer,13.1167,0.3
NH,Belknap,9.4976,0.7
TN,Warren,24.3245,3.5
TX,Hardin,23.5096,5.8
TX,Hockley,54.735,4.1
NY,Orange,50.4601,11.6
TX,Dimmit,25.437,1.7
TX,Hood,25.0934,0.8
TX,Robertson,57.7508,21.3
MD,Caroline,37.7305,14.5
GA,Thomas,52.7184,36.9
OH,Hamilton,48.1693,26
GA,Oglethorpe,38.7933,17.6
WA,Cowlitz,26.8997,0.8
NC,Iredell,38.6177,12.2
OH,Lawrence,9.6736,2.2
KY,Pulaski,10.2327,1.3
NE,Brown,5.8825,0.2
TN,Bedford,37.2174,8.2
OK,Le Flore,44.8921,2.3
MN,Polk,20.0067,1.2
IL,Henry,16.842,1.9
TX,Chambers,47.4088,8.3
KY,Mason,19.4012,6.6
MO,Dent,9.8769,0.6
LA,Iberia Parish,53.3312,32.3
IL,Knox,28.1435,7.9
IN,Monroe,26.7708,3.5
RI,Newport,23.7899,3.9
KY,Harrison,11.1632,2.1
TX,Walker,58.408,22.8
NC,Moore,38.0285,13.3
NE,Thayer,7.5902,0.4
WV,Lewis,6.0781,0.6
AR,Searcy,11.8917,0.3
KY,Franklin,30.8903,11
OR,Columbia,19.7058,0.6
NC,Alamance,50.98,19.3
IA,Carroll,8.3508,0.7
KS,Harper,17.2805,0.4
IL,Christian,9.3075,1.6
MO,Hickory,8.5521,0.4
CT,New Haven,51.843,14
VA,Giles,8.7403,1.6
TX,Hays,54.0343,4
MO,Mississippi,41.724,24.4
IN,Owen,6.6513,0.5
KY,Christian,49.616,21.4
SD,Hyde,22.4907,0.4
OK,Payne,37.9474,3.9
TX,Crockett,47.2156,1.7
MS,Bolivar,47.6531,64.7
TX,Bandera,33.4101,0.7
KS,Ottawa,10.591,1
SD,Day,23.268,0.5
ID,Nez Perce,22.2089,0.5
WV,Pocahontas,7.6029,1
MT,Meagher,8.7349,0.4
ID,Bear Lake,12.1925,0.3
OH,Washington,8.7453,1.2
OR,Marion,47.7956,1.4
MI,Genesee,42.7875,20.8
OK,Jefferson,35.2027,0.9
NC,Jackson,32.178,2.2
OK,Lincoln,29.2522,1.8
OK,Woods,26.9659,3.2
CA,Contra Costa,68.6497,9.6
NJ,Essex,66.7286,41.9
LA,Tangipahoa Parish,49.6912,30.3
VA,Halifax,50.6259,36.5
VA,Radford city,28.7826,8.9
AR,Pike,22.3297,3.3
AR,Desha,54.832,48.1
IA,Delaware,5.1104,0.5
MT,Sweet Grass,9.1102,0.2
MD,Baltimore city,51.6013,63.3
CO,Kit Carson,37.6986,2.3
MA,Plymouth,28.01,9.6
NC,Mecklenburg,63.4781,32.1
VA,Sussex,51.4711,57.8
KY,Owen,9.471,1
SC,Jasper,61.602,45.5
GA,Chattahoochee,56.8621,18.5
TX,Kaufman,49.0261,10.7
MI,Mackinac,40.9694,1.2
TX,Randall,39.6495,3
MN,Murray,10.3838,0.4
KS,Butler,18.5236,1.9
MO,St. Louis city,57.8466,47.9
NE,Dawes,24.0703,1.6
CA,Santa Cruz,54.3935,1.4
MS,Pike,52.2646,52.4
TX,Guadalupe,58.0362,7.7
IA,Cass,8.5309,0.4
WA,Columbia,20.2983,0.5
NE,Blaine,2.3784,0.2
GA,Irwin,45.7449,27.1
LA,Claiborne Parish,52.8236,50.7
MS,Noxubee,41.6043,71.7
MO,Christian,11.8968,0.7
OK,Custer,46.6396,3.3
VA,Norton city,24.2338,6.7
KY,Mercer,15.8535,3.9
MS,Leflore,41.4104,72.6
KS,Johnson,33.3362,4.9
KS,Clark,24.696,0.7
AR,Marion,9.6637,0.4
NC,Martin,54.0574,43.2
SC,Marion,53.0066,56
FL,Miami-Dade,51.0018,19
GA,Clay,50.4339,59.5
AK,Fairbanks North Star Borough,46.8523,5.5
MD,Anne Arundel,46.3435,16.4
AR,Garland,30.0573,8.5
CO,Summit,29.651,1
KY,Allen,8.924,1.2
VA,Spotsylvania,46.2061,15.9
MO,Cole,30.4435,11.7
NE,Washington,9.2867,0.8
SD,Marshall,29.9511,1.4
KY,Floyd,5.11,1.1
KY,Rockcastle,4.726,0.3
NE,Garfield,4.3362,0.4
ID,Payette,34.0081,0.4
AR,Washington,44.3694,3.4
TX,Hutchinson,43.29,2.8
FL,Liberty,43.76,19.1
TN,Campbell,6.651,0.5
KY,Wolfe,3.9489,0.2
AL,Cherokee,15.4772,4.5
TX,Hudspeth,35.3713,1.6
TX,Dickens,50.8792,5.7
AL,Talladega,48.7915,32.3
MI,Alpena,7.6088,0.4
AR,Montgomery,14.6012,0.6
AK,Valdez-Cordova Census Area,47.4737,0.9
NJ,Cumberland,63.3302,21.8
TX,Callahan,22.7798,1.5
OH,Miami,13.0165,2.2
WV,Upshur,7.0358,1
SD,Hanson,4.1448,0.2
GA,Early,53.262,49.5
NE,Garden,13.0781,0.4
MO,New Madrid,32.6747,15.7
MS,Calhoun,49.1255,28.1
NM,Do?a Ana,47.0253,2.2
ID,Butte,16.484,0.4
LA,Pointe Coupee Parish,50.2885,35.6
MO,Johnson,24.8716,4.7
IN,Morgan,7.2265,0.6
AR,Lincoln,48.6708,30.1
VA,Charles City,60.0308,47.3
NC,Bladen,57.3888,34.7
TX,Leon,38.6204,7.5
ID,Gem,21.814,0.2
IN,Blackford,7.4113,0.6
IL,Mason,6.464,0.5
AL,Washington,50.599,24.5
MO,St. Charles,21.6385,4.6
OK,Haskell,44.6161,0.7
MO,Taney,18.6173,1.6
OH,Ashtabula,18.1353,3.8
IA,Cherokee,11.1356,0.8
MI,Hillsdale,9.1104,0.6
WV,Preston,6.4606,1.3
TX,Wood,28.8075,4.9
SC,Dillon,56.0247,46.5
IN,Rush,6.843,1
IN,Switzerland,6.2601,0.5
MD,St. Mary's,40.2776,14.3
WI,Dunn,12.4506,0.6
OR,Linn,24.542,0.7
MI,Osceola,9.4924,0.9
KS,Nemaha,8.1676,0.7
GA,Morgan,42.6681,23.2
NE,Nuckolls,7.7771,0.2
FL,Clay,40.9399,10.6
NY,Wyoming,18.8669,6.2
NM,Luna,48.1636,1.7
AL,Lauderdale,26.6234,10.2
MI,Montmorency,7.0326,0.3
MS,Chickasaw,54.0811,43.5
MN,Isanti,10.058,0.8
IL,Cook,68.4969,24.6
VA,Amherst,38.8727,18.9
CA,Imperial,31.1687,3.5
MT,Prairie,12.9599,0.1
IN,Wayne,20.746,5
WY,Park,18.4256,1.5
AL,Baldwin,29.7942,9.5
NJ,Middlesex,67.8917,11
FL,Flagler,40.4212,11.4
TX,Cooke,37.4545,3.2
NY,Onondaga,36.8073,11.5
VT,Essex,7.7938,0.4
AR,Mississippi,52.2788,34.5
TX,McMullen,49.8969,1
MD,Calvert,35.1636,13.2
NV,Douglas,31.8486,0.9
IA,Wayne,6.4561,0.6
CA,Santa Barbara,58.3869,2.4
ND,Burke,11.7183,0.7
KY,Ohio,10.5619,1
ID,Minidoka,47.6751,0.7
VA,Manassas city,66.2891,15.6
IL,Edwards,6.0726,0.7
TX,Aransas,45.8668,1.8
NC,Cabarrus,47.2135,16.5
MT,Dawson,13.3589,0.4
IA,Jones,10.0394,2.4
IL,Putnam,13.6038,0.8
SC,Florence,53.9644,42
TN,Trousdale,25.8959,9.4
WA,Whitman,33.7808,2.1
TX,Donley,30.4228,4.7
NV,Lyon,38.6012,1.3
WI,Forest,32.3928,1
FL,Madison,54.8148,39
IA,Monona,8.7395,0.4
OK,Major,25.7917,1
IL,Randolph,24.9495,10
GA,Elbert,50.3023,29.7
NM,Lincoln,48.8307,0.9
WA,Skamania,21.0356,0.6
OH,Hancock,18.3049,1.8
MD,Carroll,17.8393,3.5
KS,Thomas,15.6028,0.8
VA,Hopewell city,57.7249,39.1
IA,Warren,9.2905,0.7
IN,DeKalb,9.0902,0.5
NJ,Monmouth,40.128,7.6
NE,Box Butte,29.4049,0.6
TN,Marshall,24.973,6.8
NY,Chautauqua,21.2758,2.7
WV,Grant,6.2637,0.9
AZ,Gila,53.2117,0.8
MT,Lake,49.8704,0.4
WV,Ohio,14.0648,3.7
KY,Bracken,6.8352,0.6
NE,Cedar,5.6824,0.1
UT,Uintah,31.3116,0.5
NE,Merrick,13.3124,0.4
MO,Livingston,12.4529,2.8
WV,Monroe,6.4574,0.8
IN,Franklin,4.7222,0.3
NJ,Warren,28.3615,4.3
CO,Washington,21.6145,0.7
PA,Forest,40.1317,18.9
TN,McMinn,18.5116,4.1
VA,Pulaski,16.4986,5.3
KY,Gallatin,15.9477,1.6
AR,Ashley,47.0825,25.8
ID,Canyon,42.6789,0.8
MA,Barnstable,15.7351,2.4
TX,Floyd,52.5607,3.9
FL,Okaloosa,41.5203,9.9
MD,Somerset,55.4775,42.8
CT,Tolland,24.4665,3.5
TX,Parmer,48.8337,1.6
MI,Roscommon,8.3647,0.6
TX,Yoakum,48.6037,1.5
OK,Pittsburg,47.289,3.7
AR,Prairie,25.5583,12.2
NH,Merrimack,12.1044,1.3
UT,Washington,26.0024,0.8
NY,Delaware,14.0657,2
TX,Bastrop,56.4482,8
NC,Harnett,54.2616,21.6
OH,Franklin,50.5504,22
MS,Jefferson Davis,49.6278,59.8
NY,Ontario,17.0943,2.6
KS,Greeley,28.962,0.5
VA,Powhatan,28.8881,12.9
IA,Hancock,10.929,0.6
OH,Wayne,10.6199,1.6
MI,Iron,9.1144,0.3
GA,Grady,55.7299,28.9
AL,Walker,19.2607,6.2
GA,Tift,57.3803,30.4
MO,Lincoln,12.2699,2
KS,Sheridan,10.522,0.2
WV,Hancock,10.5968,2.5
VA,Frederick,26.4651,4.6
WA,Douglas,47.142,0.7
GA,Union,10.4035,0.8
AL,Butler,52.337,43.6
KS,Chautauqua,23.4079,0.9
SD,Meade,22.1893,2
NE,Frontier,6.6366,0.3
NY,Clinton,17.4502,4.2
CA,San Joaquin,68.5223,8.1
TX,Coryell,57.6055,17.2
AL,Barbour,55.6605,47.6
SD,Mellette,55.5249,0.4
MN,Clay,18.9081,1.6
ND,Traill,12.2585,0.8
KY,Russell,11.1099,0.6
TX,Angelina,54.7671,15.6
UT,Iron,24.2373,0.6
MN,Otter Tail,12.0793,1.1
KY,Morgan,12.0104,4.2
GA,Dougherty,45.9434,68
GA,Jones,41.6413,24.6
NM,Guadalupe,34.2979,2.1
PA,Franklin,19.8444,3.7
AR,Madison,17.2177,0.4
KS,Cheyenne,16.1554,0.3
GA,McDuffie,53.1113,40.4
LA,Avoyelles Parish,47.6636,29.5
CO,Teller,18.9111,0.7
AR,Clay,7.5965,0.6
KY,McLean,6.0728,0.7
MO,Pike,20.8756,7.5
AZ,Yavapai,31.8384,0.8
VA,Montgomery,26.6126,4.1
WI,Walworth,24.9824,1.2
GA,Crisp,54.7463,43.6
WV,Randolph,7.4161,1.5
MI,Marquette,14.1244,1.8
MS,Walthall,52.5554,43.7
PA,Greene,11.682,3.4
VA,Danville city,55.0431,49.3
VA,Waynesboro city,36.9373,11.7
IL,Hardin,8.5565,0.5
TN,Van Buren,6.2683,0.6
OR,Crook,20.5325,0.3
WI,Douglas,15.0198,1.2
HI,Kalawao,66.7849,0
VA,Southampton,50.0838,36.6
NY,Franklin,32.261,6.7
WI,Winnebago,19.0787,1.9
IL,Winnebago,46.0538,12.7
IN,Newton,14.4511,0.7
IN,Vanderburgh,27.2611,9.3
FL,Palm Beach,58.4873,18.5
SC,Darlington,52.1992,41.3
VA,Henry,44.7298,22
FL,Franklin,36.0868,14.2
AR,Benton,40.4968,1.9
NV,Humboldt,48.026,1.1
GA,Pickens,12.2603,1.4
KY,Adair,12.0703,2.9
WV,Mineral,11.1369,3.1
TX,Falls,61.956,25.2
VA,Lunenburg,51.8111,34.1
KS,Crawford,22.1636,2.2
MT,Beaverhead,15.7048,0.4
MO,Warren,14.8109,2.3
IL,Piatt,6.4624,0.5
TN,Lewis,12.0969,2.1
VA,Wythe,11.1431,3
GA,Dade,11.5501,1.4
NE,Thurston,53.3076,0.5
OK,Delaware,51.4641,0.4
OK,Nowata,50.196,2.2
IA,Lee,17.1133,3.2
ME,Androscoggin,15.8705,3.8
SD,Davison,14.4731,1
MS,Alcorn,28.5366,12.2
NM,Colfax,53.2294,0.9
PA,Carbon,13.4998,1.9
ND,Dickey,11.6952,0.9
LA,St. James Parish,52.5213,49.4
NC,Dare,21.9624,2.9
GA,Greene,54.8329,36.9
PA,Washington,13.3559,3.2
OK,Cleveland,43.831,4.8
LA,St. John the Baptist Parish,54.7468,54.9
SC,Calhoun,53.6629,42.2
MI,Alger,27.2016,6.7
TX,Irion,44.5284,1.9
WI,Brown,30.7059,2.5
TX,Presidio,30.4701,1.4
NM,Catron,39.5002,0.6
VA,Galax city,37.3039,6.7
WY,Sweetwater,34.0296,1.7
SD,Butte,15.862,0.8
LA,Assumption Parish,46.8315,29.8
OH,Belmont,12.7553,4.1
CO,Conejos,51.7585,0.6
VA,Culpeper,45.1731,15.8
WY,Campbell,22.3414,1.1
MN,Big Stone,5.8801,0.4
IL,Edgar,5.3069,0.5
IL,Union,15.6119,1.1
MS,Copiah,53.2785,51.1
SC,Greenwood,52.8056,32
MO,Oregon,10.4259,0.4
MO,Lafayette,14.4565,2.3
AR,Sebastian,46.4907,6.7
UT,Sanpete,24.5303,1
MT,Yellowstone,23.0831,0.8
MO,Cooper,20.7542,7.1
NC,Lincoln,26.3906,5.8
LA,Webster Parish,49.3346,33.8
TX,Deaf Smith,43.3894,1.9
NC,Montgomery,53.3881,19
VA,Manassas Park city,69.0899,15
ME,Somerset,7.4174,0.5
OH,Perry,5.4972,0.4
MI,Arenac,9.6748,0.4
OH,Fairfield,21.832,6.8
VA,Bath,14.528,4.9
AR,St. Francis,55.1363,52.6
LA,Terrebonne Parish,49.4638,18.9
TX,Lavaca,40.9318,7.2
TX,Val Verde,32.6671,1.8
KS,Scott,31.7042,0.5
KY,Grayson,7.4155,1.2
FL,Highlands,47.6665,10.4
OH,Lucas,46.3857,19.5
VT,Chittenden,17.8613,2.3
OK,Cotton,37.9354,2.4
TX,El Paso,32.2012,4
AK,Sitka City and Borough,55.3092,1
NE,Stanton,15.5874,0.9
TN,Jefferson,14.4247,2.4
WI,Trempealeau,15.4716,0.4
LA,Allen Parish,44.6437,23.2
KS,Morton,41.396,0.8
TX,Bailey,49.1621,1.6
GA,Macon,52.4324,59.9
MO,Douglas,7.9797,0.4
TX,Archer,20.7306,0.8
VA,Pittsylvania,39.9682,21.8
MD,Washington,32.0153,10.7
AL,Etowah,35.812,15.5
TN,Rhea,16.0221,2.2
MN,Todd,14.6841,0.4
TX,Terry,54.3243,5
LA,St. Bernard Parish,52.4634,21.5
SC,Fairfield,51.0092,58.8
CA,Mendocino,48.984,1
TX,Glasscock,47.2771,1.8
TX,Kenedy,39.0945,4.1
CO,Gunnison,21.809,0.5
TX,Clay,16.8506,1
PA,Bradford,7.415,0.6
SC,Pickens,24.3706,6.8
WY,Goshen,24.0787,1.1
IL,Lee,23.3404,5.2
GA,Ben Hill,54.9835,35.1
MO,Barton,12.8048,0.5
VA,Highland,4.9173,0.6
MN,Faribault,14.6195,0.4
MT,Glacier,49.2832,0.2
IL,Macoupin,7.2285,1
MI,Oscoda,7.2185,0.2
TX,Martin,52.9058,2.1
NY,Westchester,60.5911,15.9
WA,King,55.9801,6.6
ID,Benewah,27.4214,0.3
KS,Chase,14.2399,1.3
WI,Washington,12.0809,1
TX,Victoria,57.5256,6.8
NC,Granville,54.7051,32
LA,De Soto Parish,52.4418,38.1
NC,Northampton,51.0927,58.4
WI,Lincoln,7.799,0.9
MS,Coahoma,38.4641,75.1
TN,Decatur,14.9708,3.1
AZ,Cochise,55.8496,4.7
GA,Coffee,55.373,28
TX,Cottle,50.2624,10.1
KY,Shelby,33.2459,7.8
ME,Washington,17.77,0.6
UT,Utah,28.7995,0.7
MS,Neshoba,57.7085,21.2
MT,Park,11.1492,0.3
TN,Clay,9.1117,1.6
MT,Liberty,4.3359,0.1
VA,Rockingham,18.0429,2
SC,Abbeville,44.5417,28.2
ND,Barnes,12.1141,1.3
NC,Jones,51.4233,31.5
IN,Putnam,14.7752,4.1
GA,Lanier,47.837,23
AR,Clark,45.6246,23.9
PA,Fulton,7.031,1.2
MT,Powder River,10.5957,0.1
GA,Rabun,21.8352,1.6
AL,Chilton,33.2047,10.3
WA,Garfield,14.8916,0.1
IN,Washington,5.4954,0.4
TX,Schleicher,52.3098,1.8
MN,Mille Lacs,18.7473,0.5
KY,Carlisle,10.0525,1.2
SD,Roberts,51.4087,0.3
TX,Jeff Davis,49.3394,1.6
TX,Newton,41.94,20.8
NE,Dawson,51.2421,4.2
TX,Eastland,33.4216,2.3
KS,Morris,13.4941,0.7
GA,Berrien,30.7629,11.1
KY,Knox,7.6097,1.2
GA,Whitfield,52.2024,4.3
OH,Montgomery,43.1605,21
OH,Ottawa,13.8103,1
ND,Divide,11.5174,0.6
PA,Snyder,8.5455,1.2
GA,Houston,55.7975,29.9
NC,Gaston,40.8181,15.8
KY,Hancock,7.7905,1.1
AL,Henry,45.8425,27.5
KS,Kingman,11.1502,0.3
WI,Washburn,9.873,0.5
AL,Marion,15.474,4.2
TX,Somervell,36.8242,1.2
PA,Chester,33.0959,6.4
NC,Yancey,13.4452,1.2
GA,Screven,52.2266,42.2
MO,Morgan,10.2404,0.9
MT,Granite,9.6672,0.3
NC,Lenoir,57.1432,40.9
MO,Grundy,9.1184,0.8
PA,Warren,5.5026,0.5
TN,Hancock,5.1106,0.4
NE,Wayne,17.5639,1.9
CO,Sedgwick,29.8113,0.5
NC,Burke,31.3091,6.8
CA,Mariposa,31.8022,1.1
AK,Denali Borough,25.0378,1.3
IL,Hancock,6.0744,0.4
KY,Madison,18.3388,4.5
NM,Socorro,60.8129,1.3
MT,Valley,25.6978,0.4
FL,Holmes,23.4,6.6
CA,Orange,66.3094,2.1
TX,Camp,58.605,16.9
CO,Crowley,57.623,9.2
KY,Nelson,17.397,5.2
OH,Vinton,5.8847,0.5
VA,Bedford,19.302,5.9
IA,Clayton,7.4071,0.7
NM,Sierra,46.851,0.8
IN,St. Joseph,41.7403,13.1
SD,Lawrence,17.3217,1.3
ID,Boundary,16.3732,0.4
ND,Pierce,13.6477,0.6
MS,Lauderdale,52.9162,42.9
MO,Boone,34.1242,9.4
IA,Floyd,11.7192,1.7
KS,Meade,32.5889,0.9
CO,Saguache,52.2902,0.8
UT,Salt Lake,43.042,1.9
AR,Independence,20.3317,2.2
MN,Benton,13.5673,2.2
ND,Ramsey,25.7729,0.5
MI,Ionia,21.3677,4.9
NY,Schuyler,9.1102,1.2
TX,Palo Pinto,38.3081,2.4
TX,Baylor,29.1266,3
NE,Hamilton,8.3259,0.3
OH,Auglaize,6.6494,0.5
ND,Benson,52.6149,0.1
FL,Volusia,42.0775,11
MO,Gasconade,6.6488,0.3
GA,Oconee,26.4178,5.4
TN,Crockett,39.9306,13.5
CO,Lincoln,35.1343,5.5
KS,Hamilton,47.6376,0.6
TX,McCulloch,47.5982,2.6
VA,Lancaster,45.0788,28.2
CA,Lake,43.342,2
FL,Taylor,43.1635,20.9
MT,Carter,4.5299,0.1
IL,Lake,53.6693,7.4
MI,Calhoun,35.5249,11.1
SD,Todd,23.9373,0.2
IA,Crawford,45.1626,1.9
TX,La Salle,26.1648,1
KY,Trimble,10.7444,1.3
KY,Harlan,9.1119,2.2
FL,Jackson,48.701,26.9
OK,Rogers,43.9544,1.2
WA,Jefferson,21.0075,1.1
GA,Harris,36.7701,17
VA,Salem city,24.9792,7.5
ND,Walsh,24.821,0.4
AK,Skagway Municipality,24.4653,0.3
UT,Wayne,15.2124,0.1
ID,Shoshone,14.6234,0.3
VA,Martinsville city,56.4655,45
MT,Rosebud,52.731,0.3
KY,Hart,15.0926,4.7
MN,Le Sueur,15.2102,0.6
CA,San Bernardino,62.4636,9.5
CA,Ventura,59.6774,2.2
IN,Carroll,10.7126,0.5
IA,Louisa,33.1527,0.9
MN,Cook,24.6577,0.7
KS,Douglas,34.308,4.5
KS,Wichita,42.5044,0.9
FL,Osceola,60.5921,13.1
FL,St. Lucie,56.8454,20
KY,Ballard,12.6114,3.2
CO,Custer,16.3261,1.1
IN,Adams,11.0617,0.4
NY,Oswego,10.4212,1
LA,Union Parish,45.7789,26.4
TX,Jefferson,66.1628,34.4
TN,Hickman,16.7048,4.9
AR,Columbia,51.4501,36.3
SD,Miner,8.7268,0.5
OK,Seminole,52.1448,4.6
GA,Terrell,50.6501,60.2
LA,St. Tammany Parish,34.7198,12
PA,Cameron,5.3081,0.4
MN,Fillmore,5.111,0.3
GA,Carroll,43.9015,18.7
SD,Fall River,25.854,1.2
PA,Perry,7.6038,0.8
AR,Greene,10.2263,0.7
NH,Sullivan,8.3649,0.6
WV,Logan,7.9747,2
LA,Bienville Parish,52.3297,42.2
MS,Montgomery,51.8066,45.4
AL,Dallas,43.42,69.6
FL,Sarasota,28.4073,5
MO,Atchison,6.2675,0.6
OH,Clinton,12.2723,2.3
KS,Marshall,9.1061,0.3
TX,Fannin,34.9068,7
CO,Elbert,18.5524,0.7
AR,Franklin,14.1133,0.9
TX,Anderson,56.2471,21.5
LA,Washington Parish,47.0683,30.3
KY,Fulton,43.3733,24.5
OK,Sequoyah,52.7747,1.9
OK,Dewey,28.3897,0.5
NC,Currituck,22.1923,6.2
WV,Wirt,5.3021,0.3
PA,Jefferson,4.7261,0.5
WI,Dane,33.2108,5.4
VT,Rutland,7.7941,0.6
NV,Elko,47.965,1.4
IL,Morgan,19.5976,6.3
GA,DeKalb,59.7853,54.8
UT,Rich,11.4355,0
OH,Medina,10.8015,1.4
WA,Adams,48.9189,1.3
SC,Cherokee,41.695,20.6
UT,Morgan,9.0818,0.3
MI,Newaygo,17.355,1.2
TN,Monroe,15.6895,2.3
MN,Sherburne,14.1123,2
FL,Lake,43.7584,10.5
NC,Rowan,42.8703,16.5
AL,Sumter,39.7632,73.5
NY,Ulster,33.5713,6.8
NE,Lancaster,29.6676,3.8
NY,Fulton,12.6305,1.9
MT,Richland,17.0709,0.5
RI,Washington,15.7365,1.4
VA,Alleghany,15.444,4.9
NC,Bertie,49.686,61.6
LA,East Feliciana Parish,52.5809,44.4
CA,Napa,58.3815,2.3
IL,Pope,18.5116,6.7
SD,Codington,12.464,0.8
SD,Haakon,14.8149,0.8
ND,Grand Forks,24.4252,3
NV,Pershing,49.0852,4
IL,Montgomery,12.0584,3.3
ND,Cass,19.9888,3.3
MI,Gogebic,18.8762,4.4
MO,Worth,7.034,0.9
IL,White,5.8838,0.6
TN,Pickett,4.9143,0.2
AR,Hempstead,58.4416,29.7
MT,Pondera,32.2565,0.3
AK,Bethel Census Area,31.5556,0.7
TN,Coffee,19.5607,3.7
MO,Reynolds,9.2995,0.8
FL,Hardee,58.3248,7.5
NY,Putnam,31.8249,3
IA,Hamilton,17.197,0.7
NJ,Hunterdon,23.9112,2.7
OK,Adair,61.4293,0.5
IA,Appanoose,7.4125,0.6
TX,Castro,49.1073,2.6
GA,Miller,44.7154,27.6
FL,Gulf,41.6587,19
GA,Tattnall,55.8678,29.7
MI,Monroe,14.9833,2.3
GA,Jefferson,53.3134,54.1
SC,Colleton,53.1762,38.6
PA,Lancaster,28.9088,4.7
VA,Northampton,57.207,35.8
KS,Ford,54.9745,3.1
WI,Monroe,15.8783,1.5
GA,Ware,49.5272,29.5
NE,Cherry,19.6354,0.4
MI,St. Clair,15.5268,2.5
VA,Buckingham,50.6041,34.8
TX,Orange,31.5369,8.6
KS,Atchison,21.0779,5.2
CA,Santa Clara,69.4312,2.9
VA,Lexington city,31.5611,9.7
MN,Lake,7.4155,0.4
IL,Jasper,5.3029,0.2
GA,Peach,58.6408,45
MI,Tuscola,11.8799,1.2
TX,Maverick,9.4273,0.6
VA,Harrisonburg city,48.1823,8.2
TX,Cochran,53.4065,4.8
KS,Harvey,28.2706,1.9
SD,Deuel,10.2046,1
VT,Lamoille,9.6861,0.8
MN,Morrison,7.0337,0.5
WA,Yakima,56.5561,1.5
KY,Boone,20.6288,3
GA,Rockdale,60.1064,49.5
MN,Marshall,11.6401,0.5
SD,Grant,10.7733,0.5
IA,Muscatine,34.3745,2.1
IN,Bartholomew,27.0124,2.3
KS,Edwards,35.3978,1.7
TX,Parker,27.7705,2
GA,Madison,27.7228,9.1
LA,East Carroll Parish,45.3534,68
HI,Hawaii,73.8772,0.8
OK,Pawnee,36.9299,0.8
LA,Madison Parish,48.9518,62.2
MN,Pine,18.7391,2.2
ND,Ward,25.7119,3.6
OK,Muskogee,61.2919,11.1
IN,Wells,8.5357,0.5
KY,Calloway,18.5419,3.9
PA,Luzerne,25.2392,4.6
NE,Sheridan,28.675,0.3
MO,Vernon,10.6156,0.7
NE,Greeley,6.8291,0.7
AR,Woodruff,44.3008,27.1
NC,Mitchell,12.8912,0.6
IN,Vigo,25.2152,7.1
AZ,Coconino,60.1825,1.6
KY,Graves,23.6716,4.7
MN,Traverse,15.4645,0.5
TN,Stewart,14.4836,2
PA,Berks,39.9805,6.5
KS,Saline,33.1579,3.5
IN,Clark,27.5753,7.3
TX,Kinney,51.4351,2
MN,Chisago,11.1807,1.3
KS,Linn,10.7987,0.7
GA,Randolph,49.6482,60.7
IN,Jennings,8.914,0.9
NY,Schenectady,40.1417,11.1
GA,Camden,46.0708,19.4
MI,Iosco,10.4258,0.6
ND,Emmons,5.6905,0.2
IN,Lawrence,7.6056,0.5
SD,McPherson,5.887,0.4
TN,Giles,26.1093,10.3
IL,Carroll,11.875,1.1
KY,Lee,7.7885,1.8
WI,Calumet,15.326,0.6
FL,Sumter,28.0056,8.7
VA,Bedford city,40.3331,20.1
NC,New Hanover,38.5173,14.6
MN,Rock,10.4126,0.8
OK,Grant,18.7002,1.4
MT,Lewis and Clark,15.5346,0.6
NM,Taos,54.7937,0.8
SC,Spartanburg,47.1425,20.9
WA,Clark,34.0824,2.1
NE,Cass,10.398,0.5
KY,Metcalfe,8.5421,1.8
TN,Scott,4.7267,0.3
TX,Gonzales,56.5984,7.7
IN,Gibson,10.98,2.1
VA,Clarke,22.9436,5.2
OH,Crawford,7.794,1
SC,Allendale,41.2457,72.9
NV,Eureka,32.1336,1.1
NC,Wilson,59.4718,39.6
KS,Pratt,19.898,1.4
PA,Cambria,13.6806,3.9
WA,Chelan,44.9488,0.9
IL,Greene,5.8846,1
OK,Johnston,45.7992,2
NE,Richardson,14.0654,0.3
VA,Carroll,9.8249,0.8
IA,Marion,9.6822,0.9
TX,Kleberg,43.945,4.4
TX,Brooks,18.4482,1
WV,Fayette,13.8268,4.6
KY,Knott,4.9164,0.9
MD,Dorchester,49.3641,28.1
NV,Washoe,52.1663,2.6
AL,Tuscaloosa,49.8631,30.7
MI,Saginaw,46.2977,19.3
KY,Caldwell,16.1283,5.4
MA,Bristol,26,4.4
NE,Chase,24.5393,0.2
AR,Randolph,9.1164,1
KY,Grant,10.0466,0.9
VA,Emporia city,50.3525,63.6
VA,Louisa,36.5537,17.2
NY,Steuben,11.546,1.6
KS,Rush,10.928,0.3
AL,Jackson,19.0698,3.4
WA,Lincoln,15.3527,0.3
KY,Henry,15.3383,2.9
WI,Waushara,18.5409,2.1
AR,Faulkner,32.2705,11.2
WI,Taylor,6.4516,0.4
WI,Green Lake,12.7258,0.6
MT,Broadwater,11.525,0.4
NH,Coos,8.5533,0.7
MT,Fallon,8.5577,0.2
OK,Logan,38.0116,9.2
CO,Delta,30.3982,0.7
MI,Ingham,46.0696,12.2
TX,Hemphill,46.6856,0.7
VA,Falls Church city,45.0661,4.9
NE,Loup,6.8142,1
KY,Crittenden,6.4635,0.9
AR,Dallas,53.4764,42.2
NE,Buffalo,21.4721,1
SD,Edmunds,7.4051,0.2
PA,Bedford,5.6908,0.6
ID,Teton,31.5348,0.3
IA,Taylor,16.1008,0.4
KS,Kearny,46.0697,0.8
TX,Panola,42.8968,16
ID,Adams,12.0523,0.2
AR,Calhoun,41.9252,21.5
VA,Franklin city,53.2569,56.4
WV,Jefferson,28.9276,6.9
CA,Humboldt,40.0875,1.3
NE,Holt,9.9753,0.2
TX,Webb,9.0279,0.7
LA,Natchitoches Parish,54.2471,41.4
MS,Harrison,50.7704,23.7
CO,Lake,50.6823,0.7
MI,Macomb,32.0937,10.5
MS,Itawamba,16.7412,6.5
IL,Grundy,21.8989,1.5
NE,Sioux,13.0779,0.1
SC,Lancaster,45.0722,23.2
OK,Pushmataha,43.3283,0.9
KY,Meade,20.5964,4
MN,Anoka,28.7773,5.1
WI,Jackson,24.0277,2.1
AR,Cleburne,9.2873,0.5
MN,Redwood,22.8122,0.7
KS,Hodgeman,18.3119,1.1
TX,Goliad,53.0362,5.5
GA,Gwinnett,70.2974,26.3
TX,Ward,55.4663,4.9
TX,Real,44.249,1
IL,Kendall,43.6344,6.2
CO,Pueblo,53.6856,2.5
TN,Lake,45.8456,28
MO,Phelps,19.9795,2.5
AR,Van Buren,12.2613,0.7
MO,Daviess,7.0282,0.6
VA,King and Queen,49.2199,27
CA,Alpine,49.1441,0.4
LA,Caddo Parish,55.0416,48
TX,San Jacinto,40.5581,10.5
TX,Reeves,40.4966,5.4
AK,Southeast Fairbanks Census Area,39.4359,1.5
MS,Rankin,39.1355,19.8
IA,Polk,35.2144,6.5
PA,Lebanon,26.4284,3.1
KS,Barber,12.0558,0.6
GA,Liberty,63.442,40.9
SC,Orangeburg,49.8248,62.3
ME,Penobscot,11.0057,0.9
FL,Alachua,54.7155,20.4
OK,Cimarron,37.4213,0.3
IA,Wapello,25.3317,2
WV,Calhoun,5.6892,0.3
MI,Mason,14.9496,0.8
TX,Burleson,50.5581,12.7
KS,Stafford,27.9369,0.6
CO,Adams,57.2274,3.5
IN,Fountain,8.5304,0.4
KY,McCracken,28.4596,11
IN,Marshall,20.9634,0.8
TX,Blanco,36.6097,1.3
MO,Cedar,9.1115,0.3
SD,Brookings,16.8155,1.5
NE,Hayes,10.3497,0.6
MD,Prince George's,52.6125,65.1
NY,Jefferson,30.5944,6.4
WI,Vilas,24.7636,0.3
TX,Shelby,53.4549,17.6
NC,Hertford,52.4716,59.7
ME,Hancock,8.7501,0.6
KS,Miami,12.9985,1.4
AR,Scott,28.2973,0.8
LA,St. Charles Parish,49.3778,26.4
TX,Live Oak,53.6361,4.8
PA,Allegheny,34.2197,13.3
TN,Shelby,57.2351,53.1
VA,Accomack,53.9878,28
MI,Kent,41.0927,10.3
OH,Greene,27.6693,7.3
IN,Jefferson,12.2701,2
MN,Carver,18.5187,1.5
AL,Greene,32.3523,80.2
NC,Onslow,50.5971,15.8
ME,Piscataquis,7.9928,0.5
IA,Wright,21.2086,0.7
LA,West Carroll Parish,33.54,15.9
MS,Lamar,39.8006,20.4
MI,Van Buren,31.6667,4.2
NM,Cibola,64.104,1.4
WI,Kewaunee,8.5386,0.4
ND,Ransom,8.1766,0.6
VA,Rappahannock,20.3971,4.7
NJ,Passaic,63.216,14.7
IL,McLean,34.064,7.7
WA,Grant,52.7542,1.8
SC,Berkeley,52.0264,25
KY,Hardin,39.5103,12.8
FL,Manatee,44.0223,9.3
NE,Dakota,58.7216,4.4
OK,Choctaw,56.1534,11
TX,Bexar,55.5597,8.2
LA,Lafourche Parish,38.278,13.5
NH,Grafton,16.0784,1.1
OH,Butler,29.8347,8
VA,Winchester city,49.3706,11.3
MS,Sharkey,42.6233,70.6
NC,Halifax,56.1931,53.1
KS,Graham,20.2161,4.4
IL,Fayette,14.3706,4.6
AR,Conway,31.7488,11.4
PA,McKean,12.0768,2.7
TN,Cannon,9.6809,1.5
GA,Seminole,49.8754,33.3
GA,Hancock,41.3422,72.6
TX,Duval,20.6504,1.4
ME,Cumberland,16.4462,2.8
MO,Dallas,9.2969,0.3
OH,Mercer,7.2207,0.4
NC,Chatham,45.5254,13.3
TX,Marion,44.5415,22
WV,Jackson,5.1137,0.5
SC,Horry,38.1018,13.7
VA,Appomattox,37.1659,19.9
IN,Perry,10.9643,2.9
AR,Fulton,7.794,0.5
IA,Adair,5.4921,0.2
MS,Tate,47.9879,30.9
PA,Montour,13.7328,1.7
IA,Poweshiek,13.5515,1.3
WI,Marquette,10.5865,0.6
IN,Starke,10.1855,0.5
IN,Posey,6.6524,1
MS,Hancock,26.5681,8.1
WA,Walla Walla,42.3472,2
NE,Morrill,28.9577,0.3
GA,Heard,26.7129,10.6
LA,Evangeline Parish,45.8428,28.5
OH,Wood,20.2235,2.7
PA,Mercer,17.1694,5.8
MO,Crawford,7.7916,0.4
MO,Dade,11.1572,0.5
AR,Lawrence,7.419,0.9
NE,Sherman,5.8723,0.2
KS,Ness,19.9684,0.7
TN,Chester,25.0819,9.3
TX,Llano,22.1817,1.2
CO,El Paso,46.5689,6.8
MO,Saline,32.7836,5.5
TX,Fort Bend,73.6427,21.2
IL,Jo Daviess,9.8303,0.5
IA,Franklin,23.4877,0.8
GA,Lamar,48.3283,31.2
KS,Osage,11.1531,0.5
LA,West Feliciana Parish,52.0745,45.9
ID,Valley,12.5654,0.3
ND,Stark,17.1436,1.4
WA,Stevens,23.4176,0.5
MT,Gallatin,13.9135,0.4
PA,Northumberland,12.6037,2.5
KS,Phillips,10.4032,0.5
NE,Jefferson,10.5692,0.5
NE,Gage,9.1125,0.5
MD,Queen Anne's,23.8473,6.9
AL,Franklin,35.4606,4.3
CA,Calaveras,30.5176,1
PA,Potter,5.6931,0.5
MN,Goodhue,14.1004,1.2
MI,Grand Traverse,13.7489,1.3
FL,Jefferson,52.6757,35.6
MI,Luce,35.5,11.1
CO,Jefferson,35.0192,1.3
TX,Young,34.0236,1.7
FL,Hendry,60.928,13.4
ND,McLean,19.1443,0.3
IA,Page,15.5363,2.5
SC,Charleston,51.4537,29
IA,Henry,20.9521,2.6
WV,Monongalia,19.9379,3.9
MN,Sibley,18.5178,0.5
KS,Trego,8.1665,0.6
OR,Clatsop,24.4208,0.8
CO,Boulder,36.0671,1.1
TX,Franklin,34.282,4.5
TN,Hamblen,30.6426,4.5
SD,Harding,12.0681,0.6
IA,Montgomery,10.0076,0.3
IN,Knox,12.8129,2.9
SD,Douglas,9.8457,0.5
TX,Stonewall,35.7273,4.1
KY,Jessamine,17.4957,3.4
IL,Saline,15.4973,4.1
MT,Lincoln,12.437,0.3
TX,Williamson,54.6895,6.7
TX,Harrison,52.897,22.4
AL,Wilcox,41.7309,71.2
SD,Minnehaha,27.6718,4.6
ND,Bottineau,13.5495,0.7
IA,Black Hawk,29.7434,8.9
FL,St. Johns,27.8438,5.7
UT,Davis,26.6785,1.4
KY,Elliott,9.8051,3.5
CA,San Francisco,67.9829,6
ID,Bonner,12.0744,0.3
SD,Buffalo,33.7185,0.5
LA,Sabine Parish,49.2445,16.8
WI,Racine,43.0525,11.6
AK,Dillingham Census Area,45.543,0.4
ID,Gooding,44.709,0.5
NE,Antelope,8.3197,0.3
IN,Dearborn,6.8452,0.7
TX,Moore,58.4092,2.7
MO,Iron,10.6124,1.6
OK,Kay,40.0622,2.2
MS,Union,35.1069,15
OR,Lane,29.183,1.1
MS,George,21.9504,8.5
MN,Hennepin,47.2869,12.4
VA,Prince George,56.9355,32.4
GA,Quitman,52.2013,47.4
CA,Sonoma,50.5207,1.9
OR,Morrow,50.1484,0.9
MI,Barry,9.853,0.5
NE,Thomas,8.5043,0.1
NE,Wheeler,4.1427,0
GA,Twiggs,52.0622,41.6
ND,Sioux,30.5306,0.2
MO,Stoddard,8.1735,1.1
TX,Rockwall,43.7303,6.1
MT,Daniels,12.2572,0.3
MI,Oceana,29.3995,0.7
OK,Washita,28.1305,1.1
NM,Otero,59.9061,4.1
WI,La Crosse,17.462,1.5
MI,Antrim,9.3,0.3
LA,Grant Parish,37.8466,15.7
MN,Scott,29.5255,3.3
FL,Dixie,25.7861,8.9
NY,New York,65.8205,18.4
IN,Lake,60.2447,25.5
IL,Ford,10.0249,0.9
AL,Shelby,36.0905,11.8
NE,Franklin,6.2549,0.2
MN,Winona,14.8223,1.4
IL,Kane,55.6089,6
PA,Bucks,25.7856,4
NY,Cayuga,17.073,4.4
WY,Hot Springs,15.1642,0.9
IA,Cerro Gordo,15.1364,1.3
SC,Lexington,39.4225,15.1
TX,Freestone,49.836,16.8
SC,Aiken,48.2243,25.1
MS,Benton,50.471,36.7
IL,Pike,8.3544,1.9
IA,Buchanan,6.457,0.4
IL,LaSalle,23.1321,2.2
NC,Clay,11.3242,1
NC,Union,42.8108,12.1
IN,Crawford,7.0281,0.5
NV,Lincoln,26.3549,3.5
GA,Bibb,54.6816,53.4
CA,Mono,48.2499,0.7
OK,Harper,35.2148,0.2
KS,Cowley,33.2519,2.9
TX,Titus,59.568,10.3
TX,Hunt,42.4854,8.4
VA,Amelia,42.0531,22.3
AL,Marengo,52.855,51.1
NC,Vance,56.6401,50.7
TN,Morgan,12.9545,3.9
OR,Harney,21.758,0.5
AL,Lee,47.5562,23.5
OH,Cuyahoga,53.7606,30.2
KY,Bourbon,26.8435,6.2
IN,Delaware,22.4858,7.1
TX,Bosque,33.9355,2
TX,Reagan,47.3889,3.4
IA,Allamakee,15.9016,1.5
MI,Berrien,40.1358,15.4
UT,Millard,27.8008,0.7
ME,Franklin,7.6098,0.4
OK,Hughes,53.108,5.7
UT,Juab,13.6421,0.5
GA,Dooly,56.3911,49.9
MN,Roseau,12.8294,0.4
MO,Andrew,10.0426,0.8
OR,Jackson,30.4168,0.8
PA,Cumberland,22.1518,3.7
NC,Polk,21.6658,4.5
NJ,Mercer,64.2078,21.1
FL,Gadsden,57.2044,55.4
TX,Nolan,53.1194,5.3
GA,Charlton,50.976,32.3
CO,Prowers,49.3042,0.7
LA,Ascension Parish,45.5234,22.8
OH,Allen,31.4216,12.3
NE,Phelps,13.0468,0.5
PA,Juniata,9.0795,0.7
TX,Bowie,50.6452,24.5
AK,Northwest Arctic Borough,35.4752,0.7
OR,Union,19.2409,0.6
IL,Fulton,14.5688,3.9
IL,Tazewell,10.7969,1.3
CA,San Benito,52.7412,1.3
OR,Yamhill,36.1561,1
NY,Oneida,29.2515,6.7
MT,Chouteau,38.2516,0.2
IL,Stephenson,28.0244,9.5
TN,Robertson,27.9409,7.8
TN,Williamson,25.6363,4.6
MO,Polk,11.3658,0.9
KY,Daviess,19.0036,4.9
OH,Lake,19.031,3.8
OK,Woodward,32.7965,2
GA,Spalding,52.574,33.3
LA,Cameron Parish,13.1634,2.1
KY,Letcher,4.1441,0.5
GA,Hall,53.0604,8.1
ID,Cassia,42.045,0.6
KY,Clay,14.0102,4.4
TX,Lamb,54.2523,5.1
TN,Fentress,5.69,0.4
AL,Houston,47.0455,26.4
PA,Indiana,11.5298,2.7
KS,Montgomery,34.4734,5.7
VA,Richmond,52.8257,30.5
IA,Washington,14.8795,0.9
TX,Travis,62.3218,8.9
CA,Merced,57.6306,4.2
AL,Choctaw,50.622,42.7
MI,Isabella,24.7361,2.6
AR,Saline,23.5541,6.1
AR,Lonoke,23.3967,6.1
MS,DeSoto,47.1287,24.1
KY,Hopkins,20.4329,6.8
TN,Knox,29.5642,9.1
MS,Claiborne,26.3893,84.7
AK,Aleutians East Borough,73.8867,7.7
WI,Polk,8.5499,0.3
NM,Valencia,52.5894,1.6
MD,Harford,37.1149,13.2
MS,Tippah,37.4404,16.4
GA,Gordon,35.3858,4.4
NC,Greene,61.5762,36.5
MI,Clinton,17.9999,1.9
MI,Jackson,26.3773,8.3
NJ,Morris,43.6011,3.5
MT,Wheatland,11.5222,0.4
WV,Harrison,10.4274,1.7
MS,Oktibbeha,53.302,36.9
MS,Grenada,51.4755,42.2
MN,Beltrami,41.3556,0.7
WI,Jefferson,17.9506,1
NC,Stokes,16.0081,4.2
IL,Schuyler,11.4904,3.3
IN,Whitley,7.9802,0.4
LA,Orleans Parish,53.8532,60.1
NY,Monroe,44.7941,16
NC,Graham,21.4288,0.4
VA,Arlington,55.2435,8.9
TN,Sevier,16.8441,1.2
NE,Knox,23.6698,0.2
IL,McHenry,30.0237,1.4
IN,Grant,25.6443,7.2
AL,Jefferson,55.4916,42.8
SC,Georgetown,49.5749,32.8
IL,DuPage,49.2293,5.1
GA,Appling,46.6746,19.6
SC,Hampton,53.8618,53.7
AK,Petersburg Census Area,50.1683,0.7
TX,Foard,38.9537,4.9
MS,Stone,36.7921,19.7
MS,Webster,35.5644,19.7
WA,Kittitas,27.049,1.1
MO,Pettis,25.5723,3.3
SD,Turner,8.533,0.5
MN,Douglas,6.844,0.5
SD,Charles Mix,49.1125,0.4
LA,Caldwell Parish,34.7391,17.1
IA,Scott,32.0234,7.4
CO,Dolores,19.3724,0.3
KY,Monroe,12.2385,2.4
OH,Morgan,13.687,2.9
AL,Coosa,47.498,31.3
CA,Amador,34.0126,2.1
WA,Kitsap,37.9431,3
MN,Cottonwood,21.9474,0.9
ND,Nelson,10.2316,0.5
WA,Asotin,16.414,0.6
TN,Haywood,54.3823,50.1
UT,Wasatch,27.0605,0.4
GA,Bulloch,49.7338,28.9
NC,Hyde,53.7389,30
MO,Butler,19.6844,5.5
VA,Scott,6.0748,0.8
MI,Ogemaw,8.7349,0.3
SC,Newberry,53.4485,31.2
NC,Alexander,22.7105,5.8
NM,Sandoval,63.4152,2.6
KS,Finney,57.1327,3.1
TX,Brown,41.4858,3.6
ID,Lewis,24.6793,0.4
NY,Chemung,24.0206,6.8
WI,Iowa,7.2196,0.5
CO,Alamosa,54.3385,1.8
NC,Chowan,51.1982,34.4
TX,Sutton,48.357,0.9
CO,Weld,46.5316,1.3
MI,Oakland,43.0307,14.4
OH,Sandusky,26.0232,3.1
ND,Cavalier,7.0329,0.4
LA,Rapides Parish,51.4326,32
AR,Jackson,36.4975,17.4
MN,Watonwan,38.5675,1.5
MS,Issaquena,47.1441,64.2
VA,Charlotte,46.4137,29.6
NE,Deuel,13.5697,0.3
GA,Candler,52.841,24.6
ND,Foster,6.6502,0.4
MO,Putnam,5.5006,0.3
GA,Habersham,35.9584,4
KS,Leavenworth,35.4433,9.8
NJ,Atlantic,60.2527,17.3
SD,Perkins,7.7936,0.3
IL,Monroe,6.4553,0.3
NJ,Gloucester,34.4602,10.6
GA,Walker,15.662,4.4
ID,Bingham,40.5175,0.5
TX,Caldwell,57.378,7.1
GA,Franklin,27.6935,9.2
LA,Vernon Parish,47.2444,14.7
PA,Wyoming,8.1702,0.9
MI,Eaton,28.756,7
SD,Brule,26.2171,0.5
NC,Richmond,56.2048,31
TN,Macon,13.5992,0.7
CA,Colusa,52.7825,1.2
MD,Allegany,22.3516,8.2
TX,Upton,53.3817,2.6
MI,Chippewa,46.6258,6.8
TN,Wilson,24.2084,6.7
NE,Nance,7.5787,0.3
KS,Rooks,8.5294,0.5
TN,Humphreys,12.8106,2.8
KY,Bell,10.4157,2.4
CA,Modoc,37.2207,1.1
ID,Twin Falls,31.3449,0.7
ID,Bannock,25.951,0.8
GA,Cook,50.0979,27.7
AR,Craighead,35.8512,14
WA,Whatcom,34.2034,1.2
MN,Mower,30.8787,3.3
MT,Golden Valley,15.2897,0.3
VA,Bland,10.1856,3.5
KS,Grant,51.7834,0.8
FL,Escambia,51.0463,22.8
GA,Bryan,41.8272,15.2
WI,Grant,8.1759,1.2
KY,Livingston,7.222,0.6
OH,Darke,6.843,0.6
MT,Big Horn,48.8617,0.4
MS,Marion,47.2884,32.5
AR,Cross,40.5818,22.8
MO,Scott,27.8265,11.7
MO,Jefferson,9.4983,1
WV,Mason,6.0797,0.8
IL,Peoria,45.2343,18
NE,Butler,8.7044,0.4
MO,Holt,6.4656,0.2
IN,Pike,5.6939,0.6
MN,Wright,12.8245,1.1
WV,Braxton,4.9209,0.6
TX,Atascosa,48.3069,1.2
IN,Martin,4.9201,0.2
TX,Sherman,51.2615,0.9
SC,York,44.2307,19.4
OR,Grant,14.7755,0.3
MT,Wibaux,10.7824,0.1
MS,Jasper,51.4829,52.2
OK,Pontotoc,49.8411,2.5
MN,Washington,27.7916,4.2
ND,Eddy,15.6679,0.2
IN,Ohio,5.881,0.5
MS,Pearl River,31.3688,12.6
SD,Hughes,29.0244,1.3
TX,Hamilton,24.2211,0.9
MO,Audrain,22.1504,6.9
MO,Ralls,8.1765,1.2
IN,Pulaski,10.0371,0.8
FL,Bradford,39.8624,19.3
TX,Kimble,41.435,0.5
TX,Borden,30.1148,0.6
NC,Macon,19.2172,1.7
ID,Latah,18.1884,0.8
PA,Philadelphia,64.9776,44.2
KS,Osborne,7.0233,0.3
ID,Kootenai,16.3844,0.4
CA,Nevada,25.2753,0.5
MO,St. Louis,47.8893,23.7
CO,Fremont,34.6081,4
WA,Skagit,39.2359,0.9
UT,Tooele,28.449,0.8
MI,Gratiot,23.8268,5.8
NH,Carroll,7.8,0.5
MI,Menominee,12.0755,0.5
WI,Pierce,9.4973,0.6
SC,Barnwell,53.8596,44.2
OK,Marshall,50.5987,1.9
IN,Parke,9.8485,2.6
WA,Pend Oreille,20.0594,0.6
PA,Westmoreland,10.7905,2.5
WA,Snohomish,44.8191,3
KY,Lewis,3.9489,0.4
IL,Marshall,9.8291,0.5
SD,Custer,17.4869,0.7
WV,Hardy,14.9613,2.8
NV,Mineral,52.2881,4.6
CO,Logan,37.3074,4.2
TX,Trinity,35.9469,9.6
TX,Willacy,22.6106,2.6
NE,Scotts Bluff,40.1652,0.8
MD,Frederick,39.7456,9.1
VA,Washington,8.1722,1.5
CO,Eagle,45.6385,1
OK,Wagoner,45.1123,3.9
CO,Hinsdale,14.2369,0.5
TN,Lincoln,22.8144,7
IA,Johnson,32.4639,5.5
VA,Staunton city,31.4582,12.2
CO,Mesa,30.1108,0.9
TN,Anderson,18.5338,4.2
NM,Santa Fe,54.7292,1.1
SD,Lyman,52.1018,0.5
OH,Defiance,23.4954,2.1
VA,Wise,15.042,5.4
FL,Leon,55.9992,31.4
MT,Phillips,26.7673,0.1
PA,Centre,23.2919,3.4
AR,Yell,38.6886,1.9
MN,Chippewa,17.7815,0.7
IL,Clark,6.0741,0.5
WV,Wyoming,4.9175,0.7
VA,Brunswick,51.8314,56.1
OK,Stephens,32.7108,2.1
MI,Lenawee,23.0725,2.8
TX,Andrews,52.9877,2.1
MN,Nobles,52.7814,4
TX,Ochiltree,52.2061,0.9
TX,Wilson,51.243,1.8
AL,Tallapoosa,44.9672,27.1
IN,Fulton,14.3612,0.8
FL,Walton,28.4614,5.9
KS,McPherson,14.7826,1.2
GA,Coweta,44.2433,18
NY,Dutchess,43.6062,10.9
MI,Manistee,19.4449,3.3
FL,Hillsborough,62.6423,17.4
IN,Marion,57.2081,27.6
NM,Chaves,53.1654,2.6
GA,Fayette,51.2896,21.4
NE,Fillmore,10.5533,0.7
KY,Taylor,17.4141,5
TX,Grimes,56.7388,16.5
KY,Green,10.4155,2.2
IN,Jay,8.8917,0.4
VA,Buena Vista city,20.7597,5.3
RI,Providence,51.9916,11.1
UT,Duchesne,26.0286,0.6
IN,Fayette,7.791,1.6
IL,Clay,7.2261,0.5
WI,Buffalo,7.0175,0.4
WV,Morgan,7.4147,0.8
KY,Kenton,19.8848,4.9
